Time,CO2 (ppm),CH4 (ppb),N2O (ppb),CFC_11 (ppb),CFC_12 (ppb)
2020,413.0945398,1907.037628,332.6779242,0.222270807,0.500863096
2020.041701,413.1947778,1907.377404,332.7177669,0.222198058,0.500731373
2020.083403,413.2950618,1907.717117,332.757623,0.222125309,0.500599493
2020.125104,413.3953917,1908.056767,332.7974926,0.22205256,0.500467458
2020.166806,413.4957677,1908.396354,332.8373757,0.221979812,0.500335265
2020.208507,413.5961898,1908.735879,332.8772722,0.221907063,0.500202916
2020.250209,413.6966579,1909.07534,332.9171822,0.221834314,0.500070411
2020.29191,413.797172,1909.414739,332.9571056,0.221761565,0.499937749
2020.333611,413.8977323,1909.754076,332.9970425,0.221688816,0.49980493
2020.375313,413.9983386,1910.09335,333.0369929,0.221616067,0.499671956
2020.417014,414.098991,1910.432561,333.0769566,0.221543318,0.499538824
2020.458716,414.1996895,1910.77171,333.1169339,0.221470569,0.499405536
2020.500417,414.3004341,1911.110796,333.1569246,0.22139782,0.499272092
2020.542118,414.4012249,1911.449821,333.1969287,0.221325072,0.499138491
2020.58382,414.5020618,1911.788783,333.2369463,0.221252323,0.499004734
2020.625521,414.6029449,1912.127683,333.2769773,0.221179574,0.49887082
2020.667223,414.7038741,1912.466521,333.3170218,0.221106825,0.49873675
2020.708924,414.8048495,1912.805297,333.3570797,0.221034076,0.498602523
2020.750626,414.9058711,1913.144012,333.3971511,0.220961327,0.49846814
2020.792327,415.0069389,1913.482664,333.4372359,0.220888578,0.4983336
2020.834028,415.1080529,1913.821255,333.4773342,0.220815829,0.498198904
2020.87573,415.2092131,1914.159784,333.5174459,0.22074308,0.498064051
2020.917431,415.3104195,1914.498251,333.5575711,0.220670332,0.497929042
2020.959133,415.4116722,1914.836657,333.5977097,0.220597583,0.497793876
2021.000834,415.5129712,1915.175002,333.6378618,0.220524834,0.497658554
2021.042535,415.6143164,1915.513285,333.6780273,0.220452085,0.497523075
2021.084237,415.7157079,1915.851507,333.7182062,0.220379336,0.49738744
2021.125938,415.8171457,1916.189668,333.7583986,0.220306587,0.497251649
2021.16764,415.9186298,1916.527767,333.7986044,0.220233838,0.497115701
2021.209341,416.0201602,1916.865806,333.8388237,0.220161089,0.496979596
2021.251043,416.121737,1917.203783,333.8790565,0.22008834,0.496843336
2021.292744,416.2233601,1917.5417,333.9193026,0.220015592,0.496706918
2021.334445,416.3250295,1917.879556,333.9595622,0.219942843,0.496570345
2021.376147,416.4267453,1918.21735,333.9998353,0.219870094,0.496433614
2021.417848,416.5285075,1918.555085,334.0401218,0.219797345,0.496296728
2021.45955,416.630316,1918.892758,334.0804217,0.219724596,0.496159685
2021.501251,416.732171,1919.230371,334.1207351,0.219651847,0.496022485
2021.542952,416.8340723,1919.567924,334.161062,0.219579098,0.49588513
2021.584654,416.9360201,1919.905416,334.2014022,0.219506349,0.495747618
2021.626355,417.0380143,1920.242847,334.2417559,0.2194336,0.495609949
2021.668057,417.140055,1920.580219,334.2821231,0.219360852,0.495472124
2021.709758,417.2421421,1920.91753,334.3225037,0.219288103,0.495334143
2021.75146,417.3442757,1921.254781,334.3628977,0.219215354,0.495196005
2021.793161,417.4464558,1921.591972,334.4033052,0.219142605,0.495057711
2021.834862,417.5486824,1921.929103,334.4437261,0.219069856,0.494919261
2021.876564,417.6509554,1922.266174,334.4841604,0.218997107,0.494780654
2021.918265,417.753275,1922.603185,334.5246082,0.218924358,0.494641891
2021.959967,417.8556411,1922.940136,334.5650695,0.218851609,0.494502972
2022.001668,417.9580538,1923.277028,334.6055441,0.21877886,0.494363896
2022.043369,418.060513,1923.61386,334.6460322,0.218706112,0.494224665
2022.085071,418.1630187,1923.950632,334.6865338,0.218633363,0.494085276
2022.126772,418.2655711,1924.287345,334.7270487,0.218560614,0.493945732
2022.168474,418.36817,1924.623999,334.7675772,0.218487865,0.493806031
2022.210175,418.4708156,1924.960593,334.808119,0.218415116,0.493666174
2022.251877,418.5735077,1925.297127,334.8486743,0.218342367,0.493526161
2022.293578,418.6762465,1925.633603,334.889243,0.218269618,0.493385992
2022.335279,418.7790319,1925.970019,334.9298252,0.218196869,0.493245666
2022.376981,418.8818639,1926.306376,334.9704208,0.21812412,0.493105185
2022.418682,418.9847427,1926.642674,335.0110299,0.218051372,0.492964547
2022.460384,419.087668,1926.978914,335.0516523,0.217978623,0.492823753
2022.502085,419.1906401,1927.315094,335.0922882,0.217905874,0.492682803
2022.543786,419.2936589,1927.651215,335.1329376,0.217833125,0.492541696
2022.585488,419.3967244,1927.987278,335.1736004,0.217760376,0.492400434
2022.627189,419.4998366,1928.323282,335.2142766,0.217687627,0.492259015
2022.668891,419.6029955,1928.659228,335.2549662,0.217614878,0.492117441
2022.710592,419.7062012,1928.995114,335.2956693,0.217542129,0.49197571
2022.752294,419.8094537,1929.330943,335.3363859,0.21746938,0.491833823
2022.793995,419.9127529,1929.666713,335.3771158,0.217396632,0.49169178
2022.835696,420.0160989,1930.002424,335.4178592,0.217323883,0.491549581
2022.877398,420.1194917,1930.338077,335.458616,0.217251134,0.491407227
2022.919099,420.2229312,1930.673672,335.4993863,0.217178385,0.491264716
2022.960801,420.3264177,1931.009209,335.54017,0.217105636,0.491122049
2023.002502,420.4299509,1931.344688,335.5809671,0.217032887,0.490979226
2023.044204,420.533531,1931.680109,335.6217777,0.216960138,0.490836247
2023.085905,420.637158,1932.015472,335.6626017,0.216887389,0.490693113
2023.127606,420.7408318,1932.350777,335.7034391,0.21681464,0.490549822
2023.169308,420.8445525,1932.686024,335.74429,0.216741892,0.490406376
2023.211009,420.9483201,1933.021213,335.7851542,0.216669143,0.490262773
2023.252711,421.0521346,1933.356345,335.826032,0.216596394,0.490119015
2023.294412,421.155996,1933.691419,335.8669231,0.216523645,0.489975101
2023.336113,421.2599043,1934.026435,335.9078277,0.216450896,0.489831032
2023.377815,421.3638596,1934.361394,335.9487457,0.216378147,0.489686806
2023.419516,421.4678619,1934.696296,335.9896772,0.216305398,0.489542425
2023.461218,421.5719111,1935.03114,336.0306221,0.216232649,0.489397888
2023.502919,421.6760073,1935.365927,336.0715804,0.2161599,0.489253195
2023.544621,421.7801505,1935.700657,336.1125522,0.216087152,0.489108346
2023.586322,421.8843407,1936.035329,336.1535374,0.216014403,0.488963342
2023.628023,421.9885779,1936.369945,336.194536,0.215941654,0.488818183
2023.669725,422.0928621,1936.704503,336.235548,0.215868905,0.488672867
2023.711426,422.1971934,1937.039005,336.2765735,0.215796156,0.488527396
2023.753128,422.3015717,1937.373449,336.3176124,0.215723407,0.488381769
2023.794829,422.4059972,1937.707837,336.3586647,0.215650658,0.488235987
2023.83653,422.5104696,1938.042168,336.3997305,0.215577909,0.488090049
2023.878232,422.6149892,1938.376442,336.4408097,0.21550516,0.487943956
2023.919933,422.7195559,1938.71066,336.4819024,0.215432412,0.487797707
2023.961635,422.8241697,1939.044821,336.5230084,0.215359663,0.487651303
2024.003336,422.9288307,1939.378925,336.5641279,0.215286914,0.487504744
2024.045038,423.0335388,1939.712973,336.6052609,0.215214165,0.487358028
2024.086739,423.138294,1940.046965,336.6464072,0.215141416,0.487211158
2024.12844,423.2430964,1940.3809,336.687567,0.215068667,0.487064132
2024.170142,423.347946,1940.714779,336.7287402,0.214995918,0.486916951
2024.211843,423.4528428,1941.048602,336.7699269,0.214923169,0.486769615
2024.253545,423.5577868,1941.382369,336.811127,0.21485042,0.486622123
2024.295246,423.662778,1941.71608,336.8523405,0.214777672,0.486474476
2024.336947,423.7678164,1942.049734,336.8935674,0.214704923,0.486326673
2024.378649,423.8729021,1942.383333,336.9348078,0.214632174,0.486178716
2024.42035,423.9780351,1942.716876,336.9760616,0.214559425,0.486030603
2024.462052,424.0832153,1943.050363,337.0173288,0.214486676,0.485882335
2024.503753,424.1884428,1943.383794,337.0586095,0.214413927,0.485733913
2024.545455,424.2937176,1943.71717,337.0999036,0.214341178,0.485585334
2024.587156,424.3990397,1944.05049,337.1412111,0.214268429,0.485436601
2024.628857,424.5044091,1944.383754,337.1825321,0.21419568,0.485287713
2024.670559,424.6098259,1944.716963,337.2238665,0.214122932,0.48513867
2024.71226,424.71529,1945.050117,337.2652143,0.214050183,0.484989472
2024.753962,424.8208015,1945.383215,337.3065755,0.213977434,0.484840119
2024.795663,424.9263603,1945.716258,337.3479502,0.213904685,0.484690611
2024.837364,425.0319666,1946.049245,337.3893383,0.213831936,0.484540948
2024.879066,425.1376202,1946.382178,337.4307399,0.213759187,0.484391131
2024.920767,425.2433213,1946.715055,337.4721548,0.213686438,0.484241158
2024.962469,425.3490697,1947.047877,337.5135832,0.213613689,0.484091031
2025.00417,425.4548657,1947.380645,337.5550251,0.21354094,0.483940749
2025.045872,425.560709,1947.713357,337.5964803,0.213468192,0.483790312
2025.087573,425.6665999,1948.046014,337.637949,0.213395443,0.48363972
2025.129274,425.7725382,1948.378617,337.6794311,0.213322694,0.483488974
2025.170976,425.878524,1948.711165,337.7209267,0.213249945,0.483338074
2025.212677,425.9845573,1949.043658,337.7624357,0.213177196,0.483187018
2025.254379,426.0906381,1949.376096,337.8039581,0.213104447,0.483035808
2025.29608,426.1967664,1949.70848,337.8454939,0.213031698,0.482884444
2025.337781,426.3029423,1950.04081,337.8870432,0.212958949,0.482732925
2025.379483,426.4091658,1950.373084,337.9286059,0.2128862,0.482581252
2025.421184,426.5154368,1950.705305,337.9701821,0.212813452,0.482429424
2025.462886,426.6217554,1951.037471,338.0117716,0.212740703,0.482277442
2025.504587,426.7281216,1951.369583,338.0533746,0.212667954,0.482125305
2025.546289,426.8345354,1951.701641,338.0949911,0.212595205,0.481973014
2025.58799,426.9409968,1952.033645,338.1366209,0.212522456,0.481820569
2025.629691,427.0475058,1952.365594,338.1782642,0.212449707,0.48166797
2025.671393,427.1540625,1952.69749,338.2199209,0.212376958,0.481515216
2025.713094,427.2606669,1953.029331,338.2615911,0.212304209,0.481362309
2025.754796,427.3673189,1953.361119,338.3032747,0.21223146,0.481209247
2025.796497,427.4740187,1953.692853,338.3449717,0.212158712,0.481056031
2025.838198,427.5807661,1954.024533,338.3866821,0.212085963,0.480902661
2025.8799,427.6875612,1954.356159,338.428406,0.212013214,0.480749137
2025.921601,427.7944041,1954.687732,338.4701433,0.211940465,0.480595459
2025.963303,427.9012947,1955.019251,338.5118941,0.211867716,0.480441627
2026.005004,428.008233,1955.350716,338.5536583,0.211794967,0.480287641
2026.046706,428.1152192,1955.682128,338.5954359,0.211722218,0.480133502
2026.088407,428.2222531,1956.013487,338.6372269,0.211649469,0.479979208
2026.130108,428.3293348,1956.344792,338.6790314,0.21157672,0.479824761
2026.17181,428.4364643,1956.676044,338.7208493,0.211503972,0.47967016
2026.213511,428.5436416,1957.007242,338.7626806,0.211431223,0.479515406
2026.255213,428.6508668,1957.338388,338.8045254,0.211358474,0.479360497
2026.296914,428.7581398,1957.66948,338.8463836,0.211285725,0.479205436
2026.338616,428.8654606,1958.000519,338.8882552,0.211212976,0.47905022
2026.380317,428.9728294,1958.331506,338.9301403,0.211140227,0.478894851
2026.422018,429.080246,1958.662439,338.9720388,0.211067478,0.478739329
2026.46372,429.1877105,1958.993319,339.0139508,0.210994729,0.478583653
2026.505421,429.295223,1959.324147,339.0558761,0.21092198,0.478427824
2026.547123,429.4027833,1959.654921,339.0978149,0.210849232,0.478271841
2026.588824,429.5103916,1959.985643,339.1397672,0.210776483,0.478115705
2026.630525,429.6180479,1960.316313,339.1817328,0.210703734,0.477959416
2026.672227,429.7257521,1960.646929,339.223712,0.210630985,0.477802973
2026.713928,429.8335043,1960.977494,339.2657045,0.210558236,0.477646378
2026.75563,429.9413045,1961.308005,339.3077105,0.210485487,0.477489629
2026.797331,430.0491528,1961.638465,339.3497299,0.210412738,0.477332727
2026.839033,430.157049,1961.968872,339.3917627,0.210339989,0.477175672
2026.880734,430.2649933,1962.299226,339.433809,0.21026724,0.477018465
2026.922435,430.3729856,1962.629528,339.4758687,0.210194491,0.476861104
2026.964137,430.481026,1962.959778,339.5179419,0.210121743,0.47670359
2027.005838,430.5891144,1963.289976,339.5600285,0.210048994,0.476545924
2027.04754,430.697251,1963.620122,339.6021285,0.209976245,0.476388104
2027.089241,430.8054356,1963.950216,339.6442419,0.209903496,0.476230132
2027.130942,430.9136684,1964.280258,339.6863688,0.209830747,0.476072007
2027.172644,431.0219493,1964.610248,339.7285092,0.209757998,0.47591373
2027.214345,431.1302783,1964.940186,339.7706629,0.209685249,0.4757553
2027.256047,431.2386555,1965.270072,339.8128301,0.2096125,0.475596717
2027.297748,431.3470809,1965.599907,339.8550108,0.209539751,0.475437982
2027.33945,431.4555545,1965.92969,339.8972048,0.209467003,0.475279095
2027.381151,431.5640762,1966.259421,339.9394124,0.209394254,0.475120055
2027.422852,431.6726462,1966.5891,339.9816333,0.209321505,0.474960862
2027.464554,431.7812644,1966.918728,340.0238677,0.209248756,0.474801518
2027.506255,431.8899308,1967.248305,340.0661155,0.209176007,0.474642021
2027.547957,431.9986455,1967.57783,340.1083768,0.209103258,0.474482371
2027.589658,432.1074085,1967.907304,340.1506515,0.209030509,0.47432257
2027.631359,432.2162197,1968.236727,340.1929396,0.20895776,0.474162617
2027.673061,432.3250793,1968.566098,340.2352412,0.208885011,0.474002511
2027.714762,432.4339871,1968.895418,340.2775563,0.208812263,0.473842254
2027.756464,432.5429433,1969.224687,340.3198847,0.208739514,0.473681844
2027.798165,432.6519478,1969.553905,340.3622266,0.208666765,0.473521283
2027.839867,432.7610006,1969.883072,340.404582,0.208594016,0.47336057
2027.881568,432.8701019,1970.212188,340.4469507,0.208521267,0.473199705
2027.923269,432.9792515,1970.541253,340.489333,0.208448518,0.473038688
2027.964971,433.0884495,1970.870267,340.5317286,0.208375769,0.47287752
2028.006672,433.1976958,1971.19923,340.5741377,0.20830302,0.4727162
2028.048374,433.3069907,1971.528143,340.6165603,0.208230271,0.472554728
2028.090075,433.4163339,1971.857005,340.6589963,0.208157523,0.472393105
2028.131776,433.5257256,1972.185816,340.7014457,0.208084774,0.47223133
2028.173478,433.6351658,1972.514577,340.7439086,0.208012025,0.472069404
2028.215179,433.7446544,1972.843287,340.7863849,0.207939276,0.471907327
2028.256881,433.8541915,1973.171946,340.8288746,0.207866527,0.471745098
2028.298582,433.9637772,1973.500556,340.8713778,0.207793778,0.471582718
2028.340284,434.0734113,1973.829115,340.9138945,0.207721029,0.471420187
2028.381985,434.183094,1974.157623,340.9564246,0.20764828,0.471257505
2028.423686,434.2928252,1974.486082,340.9989681,0.207575531,0.471094672
2028.465388,434.402605,1974.81449,341.0415251,0.207502783,0.470931688
2028.507089,434.5124334,1975.142848,341.0840955,0.207430034,0.470768552
2028.548791,434.6223103,1975.471156,341.1266794,0.207357285,0.470605266
2028.590492,434.7322359,1975.799414,341.1692767,0.207284536,0.470441829
2028.632193,434.8422101,1976.127621,341.2118874,0.207211787,0.470278241
2028.673895,434.9522329,1976.455779,341.2545116,0.207139038,0.470114503
2028.715596,435.0623043,1976.783887,341.2971493,0.207066289,0.469950614
2028.757298,435.1724244,1977.111946,341.3398004,0.20699354,0.469786574
2028.798999,435.2825932,1977.439954,341.3824649,0.206920791,0.469622384
2028.840701,435.3928107,1977.767913,341.4251429,0.206848043,0.469458043
2028.882402,435.5030768,1978.095822,341.4678343,0.206775294,0.469293552
2028.924103,435.6133917,1978.423682,341.5105392,0.206702545,0.469128911
2028.965805,435.7237553,1978.751492,341.5532575,0.206629796,0.468964119
2029.007506,435.8341677,1979.079252,341.5959893,0.206557047,0.468799177
2029.049208,435.9446288,1979.406963,341.6387346,0.206484298,0.468634085
2029.090909,436.0551387,1979.734625,341.6814932,0.206411549,0.468468842
2029.132611,436.1656973,1980.062237,341.7242654,0.2063388,0.46830345
2029.174312,436.2763048,1980.3898,341.7670509,0.206266051,0.468137908
2029.216013,436.3869611,1980.717313,341.80985,0.206193303,0.467972216
2029.257715,436.4976662,1981.044778,341.8526624,0.206120554,0.467806374
2029.299416,436.6084202,1981.372193,341.8954884,0.206047805,0.467640382
2029.341118,436.719223,1981.69956,341.9383278,0.205975056,0.46747424
2029.382819,436.8300747,1982.026877,341.9811806,0.205902307,0.467307949
2029.42452,436.9409753,1982.354145,342.0240469,0.205829558,0.467141508
2029.466222,437.0519247,1982.681365,342.0669266,0.205756809,0.466974918
2029.507923,437.1629231,1983.008535,342.1098198,0.20568406,0.466808178
2029.549625,437.2739705,1983.335657,342.1527264,0.205611311,0.466641289
2029.591326,437.3850667,1983.66273,342.1956465,0.205538563,0.466474251
2029.633028,437.496212,1983.989754,342.2385801,0.205465814,0.466307063
2029.674729,437.6074062,1984.316729,342.2815271,0.205393065,0.466139726
2029.71643,437.7186494,1984.643656,342.3244875,0.205320316,0.46597224
2029.758132,437.8299415,1984.970535,342.3674615,0.205247567,0.465804605
2029.799833,437.9412828,1985.297365,342.4104488,0.205174818,0.465636821
2029.841535,438.052673,1985.624146,342.4534497,0.205102069,0.465468887
2029.883236,438.1641123,1985.950879,342.4964639,0.20502932,0.465300806
2029.924937,438.2756006,1986.277564,342.5394917,0.204956571,0.465132575
2029.966639,438.387138,1986.6042,342.5825329,0.204883823,0.464964196
2030.00834,438.4987246,1986.930788,342.6255875,0.204811074,0.464795667
2030.050042,438.6103602,1987.257328,342.6686556,0.204738325,0.464626991
2030.091743,438.7220449,1987.583819,342.7117372,0.204665576,0.464458166
2030.133445,438.8337788,1987.910263,342.7548322,0.204592827,0.464289192
2030.175146,438.9455618,1988.236659,342.7979407,0.204520078,0.46412007
2030.216847,439.0573939,1988.563006,342.8410627,0.204447329,0.4639508
2030.258549,439.1692753,1988.889306,342.8841981,0.20437458,0.463781382
2030.30025,439.2812058,1989.215558,342.927347,0.204301831,0.463611815
2030.341952,439.3931856,1989.541761,342.9705093,0.204229083,0.4634421
2030.383653,439.5052145,1989.867917,343.0136851,0.204156334,0.463272238
2030.425354,439.6172927,1990.194026,343.0568743,0.204083585,0.463102227
2030.467056,439.7294202,1990.520086,343.1000771,0.204010836,0.462932069
2030.508757,439.8415969,1990.846099,343.1432932,0.203938087,0.462761763
2030.550459,439.9538229,1991.172065,343.1865229,0.203865338,0.462591309
2030.59216,440.0660982,1991.497983,343.229766,0.203792589,0.462420707
2030.633862,440.1784228,1991.823853,343.2730226,0.20371984,0.462249958
2030.675563,440.2907967,1992.149676,343.3162926,0.203647091,0.462079061
2030.717264,440.4032199,1992.475451,343.3595761,0.203574343,0.461908017
2030.758966,440.5156926,1992.80118,343.4028731,0.203501594,0.461736826
2030.800667,440.6282145,1993.12686,343.4461835,0.203428845,0.461565487
2030.842369,440.7407859,1993.452494,343.4895074,0.203356096,0.461394001
2030.88407,440.8534066,1993.77808,343.5328448,0.203283347,0.461222368
2030.925771,440.9660768,1994.10362,343.5761956,0.203210598,0.461050588
2030.967473,441.0787964,1994.429112,343.6195599,0.203137849,0.460878661
2031.009174,441.1915654,1994.754557,343.6629377,0.2030651,0.460706588
2031.050876,441.3043839,1995.079955,343.7063289,0.202992351,0.460534367
2031.092577,441.4172519,1995.405306,343.7497337,0.202919603,0.460362
2031.134279,441.5301693,1995.730611,343.7931518,0.202846854,0.460189486
2031.17598,441.6431363,1996.055868,343.8365835,0.202774105,0.460016825
2031.217681,441.7561528,1996.381079,343.8800286,0.202701356,0.459844018
2031.259383,441.8692187,1996.706243,343.9234872,0.202628607,0.459671065
2031.301084,441.9823343,1997.03136,343.9669593,0.202555858,0.459497965
2031.342786,442.0954994,1997.35643,344.0104448,0.202483109,0.459324719
2031.384487,442.2087141,1997.681454,344.0539438,0.20241036,0.459151327
2031.426188,442.3219783,1998.006431,344.0974563,0.202337611,0.458977789
2031.46789,442.4352922,1998.331362,344.1409823,0.202264863,0.458804104
2031.509591,442.5486557,1998.656247,344.1845217,0.202192114,0.458630274
2031.551293,442.6620688,1998.981085,344.2280746,0.202119365,0.458456298
2031.592994,442.7755316,1999.305876,344.271641,0.202046616,0.458282176
2031.634696,442.8890441,1999.630621,344.3152209,0.201973867,0.458107909
2031.676397,443.0026062,1999.95532,344.3588142,0.201901118,0.457933495
2031.718098,443.116218,2000.279973,344.4024211,0.201828369,0.457758937
2031.7598,443.2298795,2000.60458,344.4460413,0.20175562,0.457584233
2031.801501,443.3435908,2000.92914,344.4896751,0.201682871,0.457409383
2031.843203,443.4573518,2001.253655,344.5333224,0.201610123,0.457234389
2031.884904,443.5711625,2001.578123,344.5769831,0.201537374,0.457059249
2031.926606,443.6850231,2001.902546,344.6206573,0.201464625,0.456883964
2031.968307,443.7989334,2002.226922,344.664345,0.201391876,0.456708534
2032.010008,443.9128935,2002.551253,344.7080462,0.201319127,0.456532959
2032.05171,444.0269034,2002.875537,344.7517609,0.201246378,0.456357239
2032.093411,444.1409632,2003.199776,344.795489,0.201173629,0.456181375
2032.135113,444.2550728,2003.523969,344.8392306,0.20110088,0.456005365
2032.176814,444.3692322,2003.848117,344.8829857,0.201028131,0.455829212
2032.218515,444.4834416,2004.172219,344.9267543,0.200955383,0.455652913
2032.260217,444.5977008,2004.496275,344.9705364,0.200882634,0.455476471
2032.301918,444.7120099,2004.820286,345.014332,0.200809885,0.455299884
2032.34362,444.826369,2005.144251,345.058141,0.200737136,0.455123152
2032.385321,444.940778,2005.468171,345.1019636,0.200664387,0.454946277
2032.427023,445.055237,2005.792045,345.1457996,0.200591638,0.454769258
2032.468724,445.1697459,2006.115874,345.1896491,0.200518889,0.454592094
2032.510425,445.2843048,2006.439658,345.2335121,0.20044614,0.454414787
2032.552127,445.3989137,2006.763396,345.2773886,0.200373391,0.454237336
2032.593828,445.5135726,2007.087089,345.3212786,0.200300643,0.454059741
2032.63553,445.6282816,2007.410737,345.365182,0.200227894,0.453882002
2032.677231,445.7430406,2007.73434,345.409099,0.200155145,0.45370412
2032.718932,445.8578496,2008.057898,345.4530294,0.200082396,0.453526095
2032.760634,445.9727088,2008.38141,345.4969734,0.200009647,0.453347926
2032.802335,446.087618,2008.704878,345.5409308,0.199936898,0.453169614
2032.844037,446.2025773,2009.028301,345.5849017,0.199864149,0.452991159
2032.885738,446.3175868,2009.351679,345.6288862,0.1997914,0.45281256
2032.92744,446.4326463,2009.675012,345.6728841,0.199718651,0.452633819
2032.969141,446.5477561,2009.9983,345.7168955,0.199645903,0.452454935
2033.010842,446.662916,2010.321543,345.7609204,0.199573154,0.452275908
2033.052544,446.7781261,2010.644742,345.8049588,0.199500405,0.452096738
2033.094245,446.8933864,2010.967896,345.8490107,0.199427656,0.451917426
2033.135947,447.0086969,2011.291005,345.8930761,0.199354907,0.451737971
2033.177648,447.1240576,2011.61407,345.937155,0.199282158,0.451558374
2033.219349,447.2394686,2011.93709,345.9812474,0.199209409,0.451378634
2033.261051,447.3549298,2012.260066,346.0253533,0.19913666,0.451198752
2033.302752,447.4704413,2012.582998,346.0694727,0.199063911,0.451018728
2033.344454,447.5860031,2012.905885,346.1136056,0.198991163,0.450838562
2033.386155,447.7016153,2013.228727,346.157752,0.198918414,0.450658254
2033.427857,447.8172777,2013.551525,346.2019119,0.198845665,0.450477805
2033.469558,447.9329905,2013.874279,346.2460853,0.198772916,0.450297213
2033.511259,448.0487536,2014.196989,346.2902722,0.198700167,0.45011648
2033.552961,448.1645671,2014.519655,346.3344726,0.198627418,0.449935605
2033.594662,448.280431,2014.842276,346.3786865,0.198554669,0.449754589
2033.636364,448.3963453,2015.164854,346.4229139,0.19848192,0.449573431
2033.678065,448.51231,2015.487387,346.4671549,0.198409171,0.449392132
2033.719766,448.6283251,2015.809877,346.5114093,0.198336422,0.449210692
2033.761468,448.7443907,2016.132322,346.5556772,0.198263674,0.449029111
2033.803169,448.8605067,2016.454724,346.5999587,0.198190925,0.448847388
2033.844871,448.9766733,2016.777081,346.6442537,0.198118176,0.448665525
2033.886572,449.0928903,2017.099395,346.6885621,0.198045427,0.448483521
2033.928274,449.2091578,2017.421665,346.7328841,0.197972678,0.448301377
2033.969975,449.3254759,2017.743892,346.7772196,0.197899929,0.448119092
2034.011676,449.4418445,2018.066074,346.8215686,0.19782718,0.447936666
2034.053378,449.5582636,2018.388213,346.8659311,0.197754431,0.4477541
2034.095079,449.6747333,2018.710309,346.9103071,0.197681682,0.447571394
2034.136781,449.7912537,2019.032361,346.9546967,0.197608934,0.447388547
2034.178482,449.9078246,2019.354369,346.9990997,0.197536185,0.447205561
2034.220183,450.0244461,2019.676334,347.0435163,0.197463436,0.447022434
2034.261885,450.1411183,2019.998256,347.0879464,0.197390687,0.446839168
2034.303586,450.2578411,2020.320134,347.13239,0.197317938,0.446655762
2034.345288,450.3746146,2020.641969,347.1768471,0.197245189,0.446472216
2034.386989,450.4914388,2020.96376,347.2213178,0.19717244,0.44628853
2034.428691,450.6083137,2021.285509,347.2658019,0.197099691,0.446104705
2034.470392,450.7252393,2021.607214,347.3102996,0.197026942,0.445920741
2034.512093,450.8422156,2021.928876,347.3548108,0.196954194,0.445736637
2034.553795,450.9592427,2022.250495,347.3993355,0.196881445,0.445552395
2034.595496,451.0763206,2022.57207,347.4438738,0.196808696,0.445368013
2034.637198,451.1934492,2022.893603,347.4884255,0.196735947,0.445183492
2034.678899,451.3106286,2023.215093,347.5329908,0.196663198,0.444998833
2034.720601,451.4278588,2023.53654,347.5775696,0.196590449,0.444814034
2034.762302,451.5451399,2023.857944,347.622162,0.1965177,0.444629097
2034.804003,451.6624718,2024.179305,347.6667678,0.196444951,0.444444022
2034.845705,451.7798545,2024.500623,347.7113872,0.196372202,0.444258808
2034.887406,451.8972882,2024.821899,347.7560201,0.196299454,0.444073456
2034.929108,452.0147727,2025.143132,347.8006666,0.196226705,0.443887966
2034.970809,452.1323081,2025.464322,347.8453265,0.196153956,0.443702337
2035.01251,452.2498945,2025.785469,347.8900001,0.196081207,0.443516571
2035.054212,452.3675318,2026.106574,347.9346871,0.196008458,0.443330666
2035.095913,452.48522,2026.427637,347.9793876,0.195935709,0.443144624
2035.137615,452.6029593,2026.748656,348.0241017,0.19586296,0.442958444
2035.179316,452.7207495,2027.069634,348.0688294,0.195790211,0.442772127
2035.221018,452.8385907,2027.390569,348.1135705,0.195717462,0.442585672
2035.262719,452.9564829,2027.711461,348.1583252,0.195644714,0.44239908
2035.30442,453.0744262,2028.032312,348.2030934,0.195571965,0.44221235
2035.346122,453.1924205,2028.35312,348.2478752,0.195499216,0.442025484
2035.387823,453.3104659,2028.673885,348.2926705,0.195426467,0.44183848
2035.429525,453.4285623,2028.994609,348.3374793,0.195353718,0.44165134
2035.471226,453.5467099,2029.31529,348.3823017,0.195280969,0.441464063
2035.512927,453.6649086,2029.63593,348.4271376,0.19520822,0.441276649
2035.554629,453.7831584,2029.956527,348.4719871,0.195135471,0.441089098
2035.59633,453.9014594,2030.277082,348.5168501,0.195062722,0.440901411
2035.638032,454.0198115,2030.597595,348.5617266,0.194989974,0.440713588
2035.679733,454.1382148,2030.918066,348.6066167,0.194917225,0.440525629
2035.721435,454.2566693,2031.238495,348.6515203,0.194844476,0.440337533
2035.763136,454.3751751,2031.558883,348.6964375,0.194771727,0.440149302
2035.804837,454.493732,2031.879228,348.7413682,0.194698978,0.439960934
2035.846539,454.6123402,2032.199532,348.7863124,0.194626229,0.439772431
2035.88824,454.7309997,2032.519794,348.8312702,0.19455348,0.439583792
2035.929942,454.8497104,2032.840014,348.8762416,0.194480731,0.439395017
2035.971643,454.9684724,2033.160193,348.9212265,0.194407982,0.439206108
2036.013344,455.0872858,2033.48033,348.9662249,0.194335234,0.439017062
2036.055046,455.2061505,2033.800425,349.0112369,0.194262485,0.438827882
2036.096747,455.3250665,2034.120479,349.0562624,0.194189736,0.438638566
2036.138449,455.4440339,2034.440492,349.1013015,0.194116987,0.438449116
2036.18015,455.5630526,2034.760463,349.1463542,0.194044238,0.438259531
2036.221852,455.6821228,2035.080392,349.1914204,0.193971489,0.438069811
2036.263553,455.8012443,2035.40028,349.2365001,0.19389874,0.437879956
2036.305254,455.9204173,2035.720127,349.2815934,0.193825991,0.437689967
2036.346956,456.0396417,2036.039933,349.3267003,0.193753242,0.437499843
2036.388657,456.1589176,2036.359697,349.3718207,0.193680494,0.437309585
2036.430359,456.278245,2036.67942,349.4169546,0.193607745,0.437119193
2036.47206,456.3976238,2036.999102,349.4621022,0.193534996,0.436928667
2036.513761,456.5170542,2037.318743,349.5072633,0.193462247,0.436738007
2036.555463,456.6365361,2037.638342,349.5524379,0.193389498,0.436547214
2036.597164,456.7560695,2037.957901,349.5976261,0.193316749,0.436356286
2036.638866,456.8756545,2038.277418,349.6428279,0.193244,0.436165225
2036.680567,456.995291,2038.596895,349.6880432,0.193171251,0.435974031
2036.722269,457.1149792,2038.916331,349.7332721,0.193098502,0.435782703
2036.76397,457.2347189,2039.235726,349.7785145,0.193025754,0.435591242
2036.805671,457.3545103,2039.55508,349.8237706,0.192953005,0.435399648
2036.847373,457.4743533,2039.874393,349.8690402,0.192880256,0.435207921
2036.889074,457.594248,2040.193665,349.9143233,0.192807507,0.435016062
2036.930776,457.7141943,2040.512897,349.95962,0.192734758,0.434824069
2036.972477,457.8341924,2040.832088,350.0049303,0.192662009,0.434631944
2037.014178,457.9542421,2041.151238,350.0502542,0.19258926,0.434439687
2037.05588,458.0743436,2041.470348,350.0955916,0.192516511,0.434247297
2037.097581,458.1944968,2041.789417,350.1409426,0.192443762,0.434054775
2037.139283,458.3147018,2042.108446,350.1863072,0.192371014,0.433862121
2037.180984,458.4349585,2042.427434,350.2316853,0.192298265,0.433669335
2037.222686,458.555267,2042.746382,350.277077,0.192225516,0.433476417
2037.264387,458.6756274,2043.065289,350.3224823,0.192152767,0.433283367
2037.306088,458.7960395,2043.384156,350.3679012,0.192080018,0.433090186
2037.34779,458.9165035,2043.702983,350.4133336,0.192007269,0.432896873
2037.389491,459.0370194,2044.021769,350.4587796,0.19193452,0.432703429
2037.431193,459.1575871,2044.340515,350.5042392,0.191861771,0.432509854
2037.472894,459.2782067,2044.659221,350.5497124,0.191789022,0.432316147
2037.514595,459.3988782,2044.977887,350.5951991,0.191716274,0.43212231
2037.556297,459.5196017,2045.296513,350.6406995,0.191643525,0.431928342
2037.597998,459.6403771,2045.615098,350.6862134,0.191570776,0.431734243
2037.6397,459.7612044,2045.933644,350.7317409,0.191498027,0.431540013
2037.681401,459.8820837,2046.252149,350.777282,0.191425278,0.431345653
2037.723103,460.003015,2046.570614,350.8228366,0.191352529,0.431151163
2037.764804,460.1239983,2046.88904,350.8684049,0.19127978,0.430956543
2037.806505,460.2450337,2047.207426,350.9139867,0.191207031,0.430761792
2037.848207,460.3661211,2047.525771,350.9595821,0.191134282,0.430566912
2037.889908,460.4872605,2047.844077,351.0051912,0.191061534,0.430371901
2037.93161,460.608452,2048.162344,351.0508138,0.190988785,0.430176761
2037.973311,460.7296956,2048.48057,351.09645,0.190916036,0.429981492
2038.015013,460.8509913,2048.798757,351.1420997,0.190843287,0.429786093
2038.056714,460.9723392,2049.116904,351.1877631,0.190770538,0.429590564
2038.098415,461.0937392,2049.435012,351.2334401,0.190697789,0.429394907
2038.140117,461.2151913,2049.75308,351.2791306,0.19062504,0.42919912
2038.181818,461.3366956,2050.071108,351.3248348,0.190552291,0.429003205
2038.22352,461.4582521,2050.389097,351.3705526,0.190479542,0.428807161
2038.265221,461.5798609,2050.707046,351.4162839,0.190406794,0.428610988
2038.306922,461.7015218,2051.024956,351.4620288,0.190334045,0.428414686
2038.348624,461.823235,2051.342827,351.5077874,0.190261296,0.428218257
2038.390325,461.9450005,2051.660658,351.5535595,0.190188547,0.428021699
2038.432027,462.0668182,2051.97845,351.5993453,0.190115798,0.427825013
2038.473728,462.1886882,2052.296203,351.6451446,0.190043049,0.427628199
2038.51543,462.3106106,2052.613916,351.6909576,0.1899703,0.427431257
2038.557131,462.4325853,2052.93159,351.7367841,0.189897551,0.427234187
2038.598832,462.5546123,2053.249225,351.7826243,0.189824802,0.42703699
2038.640534,462.6766917,2053.566821,351.8284781,0.189752054,0.426839665
2038.682235,462.7988234,2053.884378,351.8743454,0.189679305,0.426642213
2038.723937,462.9210076,2054.201896,351.9202264,0.189606556,0.426444634
2038.765638,463.0432442,2054.519375,351.966121,0.189533807,0.426246928
2038.807339,463.1655332,2054.836814,352.0120292,0.189461058,0.426049095
2038.849041,463.2878746,2055.154215,352.057951,0.189388309,0.425851135
2038.890742,463.4102686,2055.471577,352.1038864,0.18931556,0.425653048
2038.932444,463.532715,2055.7889,352.1498354,0.189242811,0.425454835
2038.974145,463.6552139,2056.106185,352.1957981,0.189170062,0.425256496
2039.015847,463.7777653,2056.42343,352.2417743,0.189097314,0.425058031
2039.057548,463.9003693,2056.740637,352.2877642,0.189024565,0.424859439
2039.099249,464.0230258,2057.057805,352.3337677,0.188951816,0.424660721
2039.140951,464.1457349,2057.374934,352.3797848,0.188879067,0.424461878
2039.182652,464.2684966,2057.692025,352.4258155,0.188806318,0.424262909
2039.224354,464.3913108,2058.009077,352.4718599,0.188733569,0.424063814
2039.266055,464.5141777,2058.326091,352.5179178,0.18866082,0.423864594
2039.307756,464.6370973,2058.643066,352.5639894,0.188588071,0.423665249
2039.349458,464.7600695,2058.960003,352.6100746,0.188515322,0.423465779
2039.391159,464.8830943,2059.276901,352.6561735,0.188442574,0.423266183
2039.432861,465.0061719,2059.593761,352.7022859,0.188369825,0.423066463
2039.474562,465.1293022,2059.910582,352.748412,0.188297076,0.422866618
2039.516264,465.2524851,2060.227365,352.7945517,0.188224327,0.422666649
2039.557965,465.3757209,2060.54411,352.840705,0.188151578,0.422466555
2039.599666,465.4990094,2060.860816,352.886872,0.188078829,0.422266337
2039.641368,465.6223506,2061.177485,352.9330526,0.18800608,0.422065995
2039.683069,465.7457447,2061.494115,352.9792468,0.187933331,0.421865529
2039.724771,465.8691916,2061.810707,353.0254547,0.187860582,0.421664939
2039.766472,465.9926913,2062.12726,353.0716762,0.187787834,0.421464225
2039.808173,466.1162439,2062.443776,353.1179113,0.187715085,0.421263387
2039.849875,466.2398493,2062.760254,353.1641601,0.187642336,0.421062427
2039.891576,466.3635076,2063.076693,353.2104225,0.187569587,0.420861343
2039.933278,466.4872188,2063.393095,353.2566985,0.187496838,0.420660136
2039.974979,466.6109829,2063.709459,353.3029882,0.187424089,0.420458806
2040.016681,466.7347999,2064.025785,353.3492915,0.18735134,0.420257353
2040.058382,466.8586699,2064.342073,353.3956084,0.187278591,0.420055777
2040.100083,466.9825929,2064.658323,353.441939,0.187205842,0.419854079
2040.141785,467.1065689,2064.974535,353.4882833,0.187133094,0.419652258
2040.183486,467.2305978,2065.29071,353.5346411,0.187060345,0.419450315
2040.225188,467.3546798,2065.606847,353.5810127,0.186987596,0.41924825
2040.266889,467.4788149,2065.922946,353.6273978,0.186914847,0.419046063
2040.30859,467.6030029,2066.239008,353.6737966,0.186842098,0.418843755
2040.350292,467.7272441,2066.555032,353.7202091,0.186769349,0.418641324
2040.391993,467.8515383,2066.871018,353.7666352,0.1866966,0.418438772
2040.433695,467.9758857,2067.186967,353.813075,0.186623851,0.418236099
2040.475396,468.1002862,2067.502879,353.8595284,0.186551102,0.418033304
2040.517098,468.2247398,2067.818753,353.9059954,0.186478354,0.417830389
2040.558799,468.3492466,2068.134589,353.9524762,0.186405605,0.417627352
2040.6005,468.4738066,2068.450388,353.9989705,0.186332856,0.417424195
2040.642202,468.5984198,2068.76615,354.0454786,0.186260107,0.417220917
2040.683903,468.7230862,2069.081874,354.0920003,0.186187358,0.417017518
2040.725605,468.8478058,2069.397562,354.1385356,0.186114609,0.416813999
2040.767306,468.9725787,2069.713211,354.1850846,0.18604186,0.41661036
2040.809008,469.0974048,2070.028824,354.2316473,0.185969111,0.416406601
2040.850709,469.2222842,2070.3444,354.2782236,0.185896362,0.416202722
2040.89241,469.347217,2070.659938,354.3248136,0.185823613,0.415998724
2040.934112,469.472203,2070.975439,354.3714172,0.185750865,0.415794605
2040.975813,469.5972424,2071.290903,354.4180345,0.185678116,0.415590368
2041.017515,469.7223352,2071.606331,354.4646655,0.185605367,0.415386011
2041.059216,469.8474813,2071.921721,354.5113101,0.185532618,0.415181534
2041.100917,469.9726808,2072.237074,354.5579684,0.185459869,0.414976939
2041.142619,470.0979337,2072.55239,354.6046404,0.18538712,0.414772225
2041.18432,470.2232401,2072.86767,354.6513261,0.185314371,0.414567393
2041.226022,470.3485999,2073.182912,354.6980254,0.185241622,0.414362441
2041.267723,470.4740132,2073.498118,354.7447384,0.185168873,0.414157372
2041.309425,470.5994799,2073.813287,354.791465,0.185096125,0.413952184
2041.351126,470.7250002,2074.128419,354.8382054,0.185023376,0.413746878
2041.392827,470.850574,2074.443514,354.8849594,0.184950627,0.413541454
2041.434529,470.9762013,2074.758573,354.9317271,0.184877878,0.413335913
2041.47623,471.1018821,2075.073595,354.9785085,0.184805129,0.413130254
2041.517932,471.2276166,2075.38858,355.0253035,0.18473238,0.412924477
2041.559633,471.3534046,2075.703529,355.0721122,0.184659631,0.412718583
2041.601334,471.4792462,2076.018441,355.1189346,0.184586882,0.412512572
2041.643036,471.6051415,2076.333317,355.1657707,0.184514133,0.412306444
2041.684737,471.7310904,2076.648156,355.2126205,0.184441385,0.4121002
2041.726439,471.8570929,2076.962959,355.259484,0.184368636,0.411893838
2041.76814,471.9831492,2077.277726,355.3063611,0.184295887,0.41168736
2041.809842,472.1092591,2077.592456,355.353252,0.184223138,0.411480766
2041.851543,472.2354228,2077.907149,355.4001565,0.184150389,0.411274055
2041.893244,472.3616402,2078.221807,355.4470747,0.18407764,0.411067229
2041.934946,472.4879113,2078.536428,355.4940066,0.184004891,0.410860286
2041.976647,472.6142362,2078.851013,355.5409522,0.183932142,0.410653228
2042.018349,472.7406149,2079.165562,355.5879115,0.183859393,0.410446054
2042.06005,472.8670474,2079.480074,355.6348844,0.183786645,0.410238765
2042.101751,472.9935337,2079.79455,355.6818711,0.183713896,0.41003136
2042.143453,473.1200739,2080.108991,355.7288715,0.183641147,0.409823841
2042.185154,473.2466679,2080.423395,355.7758856,0.183568398,0.409616206
2042.226856,473.3733158,2080.737763,355.8229133,0.183495649,0.409408457
2042.268557,473.5000176,2081.052095,355.8699548,0.1834229,0.409200593
2042.310259,473.6267734,2081.366391,355.91701,0.183350151,0.408992615
2042.35196,473.753583,2081.680652,355.9640788,0.183277402,0.408784522
2042.393661,473.8804466,2081.994876,356.0111614,0.183204653,0.408576316
2042.435363,474.0073642,2082.309065,356.0582577,0.183131905,0.408367995
2042.477064,474.1343357,2082.623217,356.1053677,0.183059156,0.408159561
2042.518766,474.2613613,2082.937334,356.1524914,0.182986407,0.407951012
2042.560467,474.3884409,2083.251415,356.1996288,0.182913658,0.407742351
2042.602168,474.5155745,2083.56546,356.2467799,0.182840909,0.407533576
2042.64387,474.6427622,2083.87947,356.2939447,0.18276816,0.407324688
2042.685571,474.770004,2084.193444,356.3411232,0.182695411,0.407115687
2042.727273,474.8972998,2084.507383,356.3883155,0.182622662,0.406906573
2042.768974,475.0246498,2084.821285,356.4355214,0.182549913,0.406697346
2042.810676,475.1520539,2085.135152,356.4827411,0.182477165,0.406488007
2042.852377,475.2795122,2085.448984,356.5299745,0.182404416,0.406278555
2042.894078,475.4070246,2085.76278,356.5772216,0.182331667,0.406068992
2042.93578,475.5345912,2086.076541,356.6244824,0.182258918,0.405859316
2042.977481,475.6622121,2086.390266,356.671757,0.182186169,0.405649529
2043.019183,475.7898871,2086.703956,356.7190453,0.18211342,0.405439629
2043.060884,475.9176164,2087.017611,356.7663473,0.182040671,0.405229619
2043.102585,476.0454,2087.33123,356.813663,0.181967922,0.405019497
2043.144287,476.1732378,2087.644814,356.8609924,0.181895173,0.404809263
2043.185988,476.3011299,2087.958362,356.9083356,0.181822425,0.404598919
2043.22769,476.4290764,2088.271876,356.9556925,0.181749676,0.404388464
2043.269391,476.5570772,2088.585354,357.0030631,0.181676927,0.404177898
2043.311093,476.6851323,2088.898797,357.0504475,0.181604178,0.403967222
2043.352794,476.8132418,2089.212205,357.0978456,0.181531429,0.403756435
2043.394495,476.9414057,2089.525577,357.1452574,0.18145868,0.403545538
2043.436197,477.0696241,2089.838915,357.1926829,0.181385931,0.403334531
2043.477898,477.1978968,2090.152218,357.2401222,0.181313182,0.403123415
2043.5196,477.326224,2090.465485,357.2875752,0.181240433,0.402912188
2043.561301,477.4546056,2090.778718,357.335042,0.181167685,0.402700852
2043.603003,477.5830418,2091.091916,357.3825225,0.181094936,0.402489407
2043.644704,477.7115324,2091.405079,357.4300168,0.181022187,0.402277852
2043.686405,477.8400776,2091.718206,357.4775247,0.180949438,0.402066189
2043.728107,477.9686772,2092.0313,357.5250465,0.180876689,0.401854417
2043.769808,478.0973315,2092.344358,357.5725819,0.18080394,0.401642536
2043.81151,478.2260403,2092.657381,357.6201312,0.180731191,0.401430546
2043.853211,478.3548037,2092.97037,357.6676941,0.180658442,0.401218448
2043.894912,478.4836218,2093.283324,357.7152708,0.180585693,0.401006242
2043.936614,478.6124944,2093.596243,357.7628613,0.180512945,0.400793928
2043.978315,478.7414218,2093.909128,357.8104655,0.180440196,0.400581507
2044.020017,478.8704037,2094.221978,357.8580835,0.180367447,0.400368977
2044.061718,478.9994404,2094.534794,357.9057152,0.180294698,0.40015634
2044.10342,479.1285318,2094.847575,357.9533606,0.180221949,0.399943596
2044.145121,479.2576779,2095.160321,358.0010199,0.1801492,0.399730745
2044.186822,479.3868787,2095.473033,358.0486928,0.180076451,0.399517787
2044.228524,479.5161344,2095.785711,358.0963796,0.180003702,0.399304722
2044.270225,479.6454447,2096.098354,358.1440801,0.179930953,0.39909155
2044.311927,479.7748099,2096.410962,358.1917943,0.179858205,0.398878272
2044.353628,479.9042299,2096.723537,358.2395224,0.179785456,0.398664888
2044.395329,480.0337048,2097.036076,358.2872641,0.179712707,0.398451397
2044.437031,480.1632345,2097.348582,358.3350197,0.179639958,0.398237801
2044.478732,480.2928191,2097.661054,358.382789,0.179567209,0.398024099
2044.520434,480.4224585,2097.973491,358.4305721,0.17949446,0.397810291
2044.562135,480.5521529,2098.285894,358.4783689,0.179421711,0.397596378
2044.603837,480.6819022,2098.598262,358.5261796,0.179348962,0.39738236
2044.645538,480.8117065,2098.910597,358.5740039,0.179276213,0.397168237
2044.687239,480.9415657,2099.222898,358.6218421,0.179203465,0.396954009
2044.728941,481.0714799,2099.535164,358.669694,0.179130716,0.396739676
2044.770642,481.2014492,2099.847396,358.7175598,0.179057967,0.396525238
2044.812344,481.3314734,2100.159595,358.7654392,0.178985218,0.396310697
2044.854045,481.4615527,2100.471759,358.8133325,0.178912469,0.396096051
2044.895746,481.5916871,2100.78389,358.8612396,0.17883972,0.395881301
2044.937448,481.7218765,2101.095986,358.9091604,0.178766971,0.395666448
2044.979149,481.8521211,2101.408049,358.957095,0.178694222,0.395451491
2045.020851,481.9824207,2101.720078,359.0050434,0.178621473,0.39523643
2045.062552,482.1127755,2102.032073,359.0530055,0.178548725,0.395021266
2045.104254,482.2431855,2102.344034,359.1009815,0.178475976,0.394805999
2045.145955,482.3736506,2102.655961,359.1489712,0.178403227,0.394590629
2045.187656,482.5041709,2102.967855,359.1969748,0.178330478,0.394375157
2045.229358,482.6347465,2103.279715,359.2449921,0.178257729,0.394159581
2045.271059,482.7653773,2103.591541,359.2930232,0.17818498,0.393943904
2045.312761,482.8960633,2103.903334,359.3410681,0.178112231,0.393728124
2045.354462,483.0268046,2104.215093,359.3891268,0.178039482,0.393512243
2045.396163,483.1576012,2104.526818,359.4371993,0.177966733,0.393296259
2045.437865,483.2884531,2104.83851,359.4852856,0.177893985,0.393080174
2045.479566,483.4193603,2105.150168,359.5333857,0.177821236,0.392863987
2045.521268,483.5503229,2105.461793,359.5814996,0.177748487,0.392647699
2045.562969,483.6813409,2105.773385,359.6296273,0.177675738,0.39243131
2045.604671,483.8124142,2106.084943,359.6777687,0.177602989,0.39221482
2045.646372,483.9435429,2106.396467,359.725924,0.17753024,0.39199823
2045.688073,484.0747271,2106.707958,359.7740931,0.177457491,0.391781538
2045.729775,484.2059667,2107.019416,359.822276,0.177384742,0.391564747
2045.771476,484.3372618,2107.330841,359.8704727,0.177311993,0.391347855
2045.813178,484.4686123,2107.642232,359.9186833,0.177239245,0.391130863
2045.854879,484.6000184,2107.95359,359.9669076,0.177166496,0.390913771
2045.89658,484.73148,2108.264915,360.0151457,0.177093747,0.39069658
2045.938282,484.8629971,2108.576207,360.0633977,0.177020998,0.390479289
2045.979983,484.9945697,2108.887465,360.1116634,0.176948249,0.390261899
2046.021685,485.126198,2109.198691,360.159943,0.1768755,0.39004441
2046.063386,485.2578818,2109.509883,360.2082364,0.176802751,0.389826822
2046.105088,485.3896213,2109.821042,360.2565436,0.176730002,0.389609135
2046.146789,485.5214164,2110.132168,360.3048647,0.176657253,0.38939135
2046.18849,485.6532672,2110.443261,360.3531995,0.176584505,0.389173466
2046.230192,485.7851736,2110.754322,360.4015482,0.176511756,0.388955484
2046.271893,485.9171357,2111.065349,360.4499107,0.176439007,0.388737405
2046.313595,486.0491535,2111.376343,360.498287,0.176366258,0.388519227
2046.355296,486.1812271,2111.687305,360.5466772,0.176293509,0.388300952
2046.396997,486.3133564,2111.998233,360.5950811,0.17622076,0.388082579
2046.438699,486.4455415,2112.309129,360.6434989,0.176148011,0.387864109
2046.4804,486.5777824,2112.619992,360.6919306,0.176075262,0.387645542
2046.522102,486.7100791,2112.930822,360.7403761,0.176002513,0.387426879
2046.563803,486.8424316,2113.24162,360.7888354,0.175929765,0.387208118
2046.605505,486.97484,2113.552385,360.8373085,0.175857016,0.386989261
2046.647206,487.1073042,2113.863117,360.8857955,0.175784267,0.386770308
2046.688907,487.2398243,2114.173816,360.9342963,0.175711518,0.386551259
2046.730609,487.3724003,2114.484483,360.9828109,0.175638769,0.386332114
2046.77231,487.5050323,2114.795117,361.0313394,0.17556602,0.386112873
2046.814012,487.6377202,2115.105719,361.0798818,0.175493271,0.385893536
2046.855713,487.770464,2115.416288,361.1284379,0.175420522,0.385674104
2046.897415,487.9032639,2115.726825,361.177008,0.175347773,0.385454577
2046.939116,488.0361197,2116.037329,361.2255918,0.175275025,0.385234955
2046.980817,488.1690316,2116.347801,361.2741895,0.175202276,0.385015238
2047.022519,488.3019995,2116.65824,361.3228011,0.175129527,0.384795427
2047.06422,488.4350235,2116.968647,361.3714265,0.175056778,0.384575521
2047.105922,488.5681036,2117.279022,361.4200658,0.174984029,0.384355521
2047.147623,488.7012397,2117.589364,361.4687189,0.17491128,0.384135427
2047.189324,488.834432,2117.899674,361.5173859,0.174838531,0.383915239
2047.231026,488.9676804,2118.209952,361.5660667,0.174765782,0.383694958
2047.272727,489.100985,2118.520198,361.6147614,0.174693033,0.383474583
2047.314429,489.2343458,2118.830411,361.6634699,0.174620285,0.383254115
2047.35613,489.3677627,2119.140592,361.7121923,0.174547536,0.383033553
2047.397832,489.5012359,2119.450741,361.7609286,0.174474787,0.382812899
2047.439533,489.6347653,2119.760858,361.8096787,0.174402038,0.382592152
2047.481234,489.768351,2120.070943,361.8584427,0.174329289,0.382371313
2047.522936,489.901993,2120.380995,361.9072206,0.17425654,0.382150381
2047.564637,490.0356912,2120.691016,361.9560123,0.174183791,0.381929358
2047.606339,490.1694458,2121.001005,362.0048179,0.174111042,0.381708242
2047.64804,490.3032567,2121.310962,362.0536374,0.174038293,0.381487035
2047.689741,490.437124,2121.620886,362.1024707,0.173965544,0.381265736
2047.731443,490.5710476,2121.930779,362.1513179,0.173892796,0.381044346
2047.773144,490.7050276,2122.24064,362.200179,0.173820047,0.380822865
2047.814846,490.8390641,2122.550469,362.249054,0.173747298,0.380601292
2047.856547,490.973157,2122.860267,362.2979428,0.173674549,0.380379629
2047.898249,491.1073063,2123.170032,362.3468456,0.1736018,0.380157876
2047.93995,491.2415121,2123.479766,362.3957622,0.173529051,0.379936032
2047.981651,491.3757744,2123.789468,362.4446927,0.173456302,0.379714098
2048.023353,491.5100933,2124.099138,362.493637,0.173383553,0.379492074
2048.065054,491.6444686,2124.408777,362.5425953,0.173310804,0.37926996
2048.106756,491.7789005,2124.718383,362.5915674,0.173238056,0.379047757
2048.148457,491.913389,2125.027959,362.6405534,0.173165307,0.378825465
2048.190158,492.0479341,2125.337502,362.6895534,0.173092558,0.378603083
2048.23186,492.1825358,2125.647014,362.7385672,0.173019809,0.378380612
2048.273561,492.3171941,2125.956495,362.7875949,0.17294706,0.378158052
2048.315263,492.4519091,2126.265944,362.8366365,0.172874311,0.377935404
2048.356964,492.5866808,2126.575362,362.885692,0.172801562,0.377712668
2048.398666,492.7215091,2126.884748,362.9347613,0.172728813,0.377489843
2048.440367,492.8563942,2127.194102,362.9838446,0.172656064,0.37726693
2048.482068,492.991336,2127.503425,363.0329418,0.172583316,0.37704393
2048.52377,493.1263346,2127.812717,363.0820529,0.172510567,0.376820842
2048.565471,493.2613899,2128.121978,363.1311779,0.172437818,0.376597667
2048.607173,493.396502,2128.431207,363.1803168,0.172365069,0.376374404
2048.648874,493.5316709,2128.740405,363.2294696,0.17229232,0.376151054
2048.690575,493.6668967,2129.049572,363.2786363,0.172219571,0.375927618
2048.732277,493.8021793,2129.358707,363.3278169,0.172146822,0.375704095
2048.773978,493.9375188,2129.667811,363.3770115,0.172074073,0.375480486
2048.81568,494.0729152,2129.976884,363.4262199,0.172001324,0.37525679
2048.857381,494.2083685,2130.285926,363.4754422,0.171928576,0.375033009
2048.899083,494.3438787,2130.594937,363.5246785,0.171855827,0.374809141
2048.940784,494.4794459,2130.903916,363.5739287,0.171783078,0.374585188
2048.982485,494.61507,2131.212865,363.6231928,0.171710329,0.37436115
2049.024187,494.7507512,2131.521782,363.6724708,0.17163758,0.374137027
2049.065888,494.8864894,2131.830669,363.7217628,0.171564831,0.373912818
2049.10759,495.0222846,2132.139524,363.7710686,0.171492082,0.373688525
2049.149291,495.1581368,2132.448349,363.8203884,0.171419333,0.373464147
2049.190992,495.2940461,2132.757142,363.8697221,0.171346584,0.373239685
2049.232694,495.4300125,2133.065905,363.9190698,0.171273836,0.373015139
2049.274395,495.5660361,2133.374637,363.9684314,0.171201087,0.372790508
2049.316097,495.7021168,2133.683338,364.0178069,0.171128338,0.372565794
2049.357798,495.8382546,2133.992008,364.0671963,0.171055589,0.372340997
2049.3995,495.9744496,2134.300648,364.1165997,0.17098284,0.372116116
2049.441201,496.1107018,2134.609256,364.166017,0.170910091,0.371891152
2049.482902,496.2470112,2134.917834,364.2154482,0.170837342,0.371666105
2049.524604,496.3833778,2135.226381,364.2648934,0.170764593,0.371440975
2049.566305,496.5198017,2135.534898,364.3143525,0.170691844,0.371215762
2049.608007,496.6562829,2135.843383,364.3638256,0.170619096,0.370990468
2049.649708,496.7928214,2136.151839,364.4133126,0.170546347,0.370765091
2049.69141,496.9294172,2136.460263,364.4628135,0.170473598,0.370539632
2049.733111,497.0660703,2136.768657,364.5123284,0.170400849,0.370314092
2049.774812,497.2027808,2137.07702,364.5618572,0.1703281,0.37008847
2049.816514,497.3395486,2137.385353,364.6114,0.170255351,0.369862766
2049.858215,497.4763739,2137.693656,364.6609567,0.170182602,0.369636982
2049.899917,497.6132566,2138.001928,364.7105274,0.170109853,0.369411117
2049.941618,497.7501967,2138.310169,364.7601121,0.170037104,0.369185171
2049.983319,497.8871942,2138.61838,364.8097107,0.169964356,0.368959144
2050.025021,498.0242493,2138.926561,364.8593232,0.169891607,0.368733037
2050.066722,498.1613619,2139.234711,364.9089497,0.169818858,0.36850685
2050.108424,498.2985319,2139.542831,364.9585902,0.169746109,0.368280584
2050.150125,498.4357595,2139.850921,365.0082446,0.16967336,0.368054237
2050.191827,498.5730447,2140.15898,365.057913,0.169600611,0.367827812
2050.233528,498.7103875,2140.46701,365.1075954,0.169527862,0.367601307
2050.275229,498.8477878,2140.775009,365.1572917,0.169455113,0.367374723
2050.316931,498.9852458,2141.082977,365.207002,0.169382364,0.36714806
2050.358632,499.1227614,2141.390916,365.2567263,0.169309616,0.366921318
2050.400334,499.2603347,2141.698824,365.3064645,0.169236867,0.366694498
2050.442035,499.3979657,2142.006703,365.3562167,0.169164118,0.3664676
2050.483736,499.5356544,2142.314551,365.4059829,0.169091369,0.366240624
2050.525438,499.6734008,2142.622369,365.455763,0.16901862,0.36601357
2050.567139,499.8112049,2142.930157,365.5055572,0.168945871,0.365786439
2050.608841,499.9490668,2143.237915,365.5553653,0.168873122,0.36555923
2050.650542,500.0869865,2143.545643,365.6051874,0.168800373,0.365331944
2050.692244,500.224964,2143.853341,365.6550234,0.168727624,0.365104581
2050.733945,500.3629994,2144.161009,365.7048735,0.168654876,0.364877141
2050.775646,500.5010926,2144.468648,365.7547375,0.168582127,0.364649625
2050.817348,500.6392436,2144.776256,365.8046156,0.168509378,0.364422033
2050.859049,500.7774525,2145.083835,365.8545076,0.168436629,0.364194364
2050.900751,500.9157194,2145.391383,365.9044136,0.16836388,0.36396662
2050.942452,501.0540442,2145.698902,365.9543336,0.168291131,0.3637388
2050.984153,501.1924269,2146.006391,366.0042676,0.168218382,0.363510904
2051.025855,501.3308676,2146.313851,366.0542156,0.168145633,0.363282933
2051.067556,501.4693663,2146.62128,366.1041775,0.168072884,0.363054888
2051.109258,501.607923,2146.92868,366.1541535,0.168000136,0.362826767
2051.150959,501.7465378,2147.236051,366.2041435,0.167927387,0.362598572
2051.192661,501.8852106,2147.543391,366.2541475,0.167854638,0.362370302
2051.234362,502.0239415,2147.850702,366.3041655,0.167781889,0.362141958
2051.276063,502.1627304,2148.157984,366.3541975,0.16770914,0.36191354
2051.317765,502.3015775,2148.465235,366.4042434,0.167636391,0.361685049
2051.359466,502.4404828,2148.772458,366.4543034,0.167563642,0.361456483
2051.401168,502.5794461,2149.07965,366.5043775,0.167490893,0.361227845
2051.442869,502.7184677,2149.386814,366.5544655,0.167418144,0.360999133
2051.48457,502.8575475,2149.693948,366.6045675,0.167345396,0.360770349
2051.526272,502.9966855,2150.001052,366.6546836,0.167272647,0.360541492
2051.567973,503.1358817,2150.308127,366.7048136,0.167199898,0.360312562
2051.609675,503.2751362,2150.615172,366.7549577,0.167127149,0.36008356
2051.651376,503.414449,2150.922189,366.8051158,0.1670544,0.359854486
2051.693078,503.5538201,2151.229175,366.8552879,0.166981651,0.35962534
2051.734779,503.6932495,2151.536133,366.9054741,0.166908902,0.359396123
2051.77648,503.8327372,2151.843061,366.9556742,0.166836153,0.359166834
2051.818182,503.9722834,2152.14996,367.0058884,0.166763404,0.358937474
2051.859883,504.1118879,2152.45683,367.0561166,0.166690656,0.358708043
2051.901585,504.2515508,2152.763671,367.1063589,0.166617907,0.358478541
2051.943286,504.3912721,2153.070482,367.1566152,0.166545158,0.358248969
2051.984987,504.5310519,2153.377264,367.2068855,0.166472409,0.358019326
2052.026689,504.6708902,2153.684017,367.2571698,0.16639966,0.357789613
2052.06839,504.810787,2153.990741,367.3074682,0.166326911,0.357559831
2052.110092,504.9507423,2154.297436,367.3577806,0.166254162,0.357329978
2052.151793,505.0907561,2154.604102,367.4081071,0.166181413,0.357100057
2052.193495,505.2308285,2154.910739,367.4584476,0.166108664,0.356870066
2052.235196,505.3709594,2155.217347,367.5088021,0.166035916,0.356640006
2052.276897,505.511149,2155.523925,367.5591707,0.165963167,0.356409877
2052.318599,505.6513971,2155.830475,367.6095533,0.165890418,0.35617968
2052.3603,505.7917039,2156.136996,367.65995,0.165817669,0.355949414
2052.402002,505.9320694,2156.443488,367.7103607,0.16574492,0.35571908
2052.443703,506.0724936,2156.749951,367.7607855,0.165672171,0.355488678
2052.485405,506.2129764,2157.056386,367.8112243,0.165599422,0.355258208
2052.527106,506.353518,2157.362791,367.8616772,0.165526673,0.355027671
2052.568807,506.4941183,2157.669168,367.9121441,0.165453924,0.354797067
2052.610509,506.6347774,2157.975515,367.9626251,0.165381176,0.354566396
2052.65221,506.7754953,2158.281835,368.0131202,0.165308427,0.354335658
2052.693912,506.916272,2158.588125,368.0636293,0.165235678,0.354104853
2052.735613,507.0571075,2158.894387,368.1141525,0.165162929,0.353873982
2052.777314,507.1980019,2159.20062,368.1646897,0.16509018,0.353643044
2052.819016,507.3389552,2159.506824,368.215241,0.165017431,0.353412041
2052.860717,507.4799673,2159.813,368.2658064,0.164944682,0.353180972
2052.902419,507.6210384,2160.119147,368.3163858,0.164871933,0.352949837
2052.94412,507.7621683,2160.425265,368.3669793,0.164799184,0.352718637
2052.985822,507.9033573,2160.731355,368.4175869,0.164726436,0.352487372
2053.027523,508.0446052,2161.037417,368.4682086,0.164653687,0.352256043
2053.069224,508.1859122,2161.34345,368.5188443,0.164580938,0.352024648
2053.110926,508.3272781,2161.649454,368.5694941,0.164508189,0.351793189
2053.152627,508.4687031,2161.95543,368.620158,0.16443544,0.351561666
2053.194329,508.6101872,2162.261377,368.670836,0.164362691,0.351330079
2053.23603,508.7517303,2162.567297,368.7215281,0.164289942,0.351098429
2053.277731,508.8933326,2162.873187,368.7722342,0.164217193,0.350866714
2053.319433,509.034994,2163.17905,368.8229544,0.164144444,0.350634937
2053.361134,509.1767145,2163.484884,368.8736887,0.164071696,0.350403096
2053.402836,509.3184942,2163.790689,368.9244371,0.163998947,0.350171193
2053.444537,509.4603331,2164.096467,368.9751996,0.163926198,0.349939226
2053.486239,509.6022312,2164.402216,369.0259762,0.163853449,0.349707198
2053.52794,509.7441885,2164.707937,369.0767669,0.1637807,0.349475107
2053.569641,509.8862052,2165.01363,369.1275717,0.163707951,0.349242955
2053.611343,510.028281,2165.319294,369.1783905,0.163635202,0.34901074
2053.653044,510.1704162,2165.624931,369.2292235,0.163562453,0.348778464
2053.694746,510.3126107,2165.930539,369.2800706,0.163489704,0.348546127
2053.736447,510.4548646,2166.236119,369.3309318,0.163416956,0.348313729
2053.778148,510.5971778,2166.541671,369.3818071,0.163344207,0.34808127
2053.81985,510.7395504,2166.847195,369.4326965,0.163271458,0.34784875
2053.861551,510.8819824,2167.152691,369.4836,0.163198709,0.34761617
2053.903253,511.0244738,2167.458159,369.5345176,0.16312596,0.347383529
2053.944954,511.1670247,2167.763599,369.5854493,0.163053211,0.347150829
2053.986656,511.309635,2168.069011,369.6363951,0.162980462,0.346918069
2054.028357,511.4523049,2168.374395,369.6873551,0.162907713,0.34668525
2054.070058,511.5950342,2168.679751,369.7383291,0.162834964,0.346452371
2054.11176,511.7378231,2168.985079,369.7893173,0.162762216,0.346219433
2054.153461,511.8806716,2169.290379,369.8403196,0.162689467,0.345986436
2054.195163,512.0235796,2169.595652,369.8913361,0.162616718,0.345753381
2054.236864,512.1665472,2169.900896,369.9423666,0.162543969,0.345520268
2054.278565,512.3095745,2170.206113,369.9934113,0.16247122,0.345287096
2054.320267,512.4526614,2170.511302,370.0444701,0.162398471,0.345053866
2054.361968,512.595808,2170.816464,370.095543,0.162325722,0.344820579
2054.40367,512.7390142,2171.121597,370.1466301,0.162252973,0.344587234
2054.445371,512.8822802,2171.426703,370.1977313,0.162180224,0.344353832
2054.487073,513.0256059,2171.731781,370.2488466,0.162107475,0.344120373
2054.528774,513.1689913,2172.036832,370.2999761,0.162034727,0.343886857
2054.570475,513.3124366,2172.341854,370.3511197,0.161961978,0.343653285
2054.612177,513.4559416,2172.64685,370.4022775,0.161889229,0.343419656
2054.653878,513.5995064,2172.951817,370.4534494,0.16181648,0.343185972
2054.69558,513.7431311,2173.256757,370.5046354,0.161743731,0.342952231
2054.737281,513.8868156,2173.56167,370.5558356,0.161670982,0.342718435
2054.778982,514.0305601,2173.866555,370.6070499,0.161598233,0.342484583
2054.820684,514.1743644,2174.171412,370.6582784,0.161525484,0.342250676
2054.862385,514.3182287,2174.476243,370.709521,0.161452735,0.342016714
2054.904087,514.4621529,2174.781045,370.7607778,0.161379987,0.341782698
2054.945788,514.606137,2175.08582,370.8120487,0.161307238,0.341548627
2054.98749,514.7501812,2175.390568,370.8633338,0.161234489,0.341314501
2055.029191,514.8942854,2175.695289,370.9146331,0.16116174,0.341080322
2055.070892,515.0384496,2175.999982,370.9659465,0.161088991,0.340846089
2055.112594,515.1826739,2176.304647,371.017274,0.161016242,0.340611802
2055.154295,515.3269583,2176.609286,371.0686158,0.160943493,0.340377462
2055.195997,515.4713027,2176.913897,371.1199717,0.160870744,0.340143069
2055.237698,515.6157073,2177.218481,371.1713417,0.160797995,0.339908623
2055.279399,515.760172,2177.523037,371.222726,0.160725247,0.339674124
2055.321101,515.9046969,2177.827567,371.2741244,0.160652498,0.339439572
2055.362802,516.049282,2178.132069,371.3255369,0.160579749,0.339204969
2055.404504,516.1939273,2178.436544,371.3769637,0.160507,0.338970314
2055.446205,516.3386329,2178.740992,371.4284046,0.160434251,0.338735606
2055.487907,516.4833986,2179.045413,371.4798597,0.160361502,0.338500848
2055.529608,516.6282247,2179.349806,371.531329,0.160288753,0.338266038
2055.571309,516.7731111,2179.654173,371.5828124,0.160216004,0.338031177
2055.613011,516.9180578,2179.958513,371.6343101,0.160143255,0.337796265
2055.654712,517.0630648,2180.262825,371.6858219,0.160070507,0.337561302
2055.696414,517.2081322,2180.567111,371.7373479,0.159997758,0.33732629
2055.738115,517.35326,2180.871369,371.7888881,0.159925009,0.337091227
2055.779817,517.4984482,2181.175601,371.8404425,0.15985226,0.336856114
2055.821518,517.6436968,2181.479805,371.8920111,0.159779511,0.336620951
2055.863219,517.7890059,2181.783983,371.9435939,0.159706762,0.336385739
2055.904921,517.9343755,2182.088134,371.9951909,0.159634013,0.336150478
2055.946622,518.0798055,2182.392258,372.046802,0.159561264,0.335915168
2055.988324,518.2252961,2182.696355,372.0984274,0.159488515,0.335679809
2056.030025,518.3708472,2183.000425,372.150067,0.159415767,0.335444402
2056.071726,518.5164589,2183.304469,372.2017207,0.159343018,0.335208947
2056.113428,518.6621312,2183.608486,372.2533887,0.159270269,0.334973443
2056.155129,518.8078641,2183.912476,372.3050709,0.15919752,0.334737892
2056.196831,518.9536576,2184.216439,372.3567673,0.159124771,0.334502293
2056.238532,519.0995118,2184.520375,372.4084779,0.159052022,0.334266646
2056.280234,519.2454266,2184.824285,372.4602027,0.158979273,0.334030953
2056.321935,519.3914022,2185.128168,372.5119417,0.158906524,0.333795212
2056.363636,519.5374384,2185.432025,372.563695,0.158833775,0.333559425
2056.405338,519.6835354,2185.735855,372.6154624,0.158761027,0.333323592
2056.447039,519.8296932,2186.039658,372.6672441,0.158688278,0.333087713
2056.488741,519.9759118,2186.343435,372.71904,0.158615529,0.332851787
2056.530442,520.1221911,2186.647185,372.7708502,0.15854278,0.332615816
2056.572143,520.2685313,2186.950909,372.8226745,0.158470031,0.332379799
2056.613845,520.4149324,2187.254606,372.8745131,0.158397282,0.332143737
2056.655546,520.5613943,2187.558277,372.9263659,0.158324533,0.331907631
2056.697248,520.7079172,2187.861921,372.9782329,0.158251784,0.331671479
2056.738949,520.8545009,2188.165538,373.0301142,0.158179035,0.331435283
2056.780651,521.0011456,2188.46913,373.0820097,0.158106287,0.331199042
2056.822352,521.1478513,2188.772695,373.1339194,0.158033538,0.330962758
2056.864053,521.2946179,2189.076233,373.1858434,0.157960789,0.330726429
2056.905755,521.4414456,2189.379746,373.2377816,0.15788804,0.330490057
2056.947456,521.5883343,2189.683231,373.2897341,0.157815291,0.330253642
2056.989158,521.735284,2189.986691,373.3417008,0.157742542,0.330017184
2057.030859,521.8822949,2190.290124,373.3936817,0.157669793,0.329780682
2057.07256,522.0293668,2190.593531,373.4456769,0.157597044,0.329544138
2057.114262,522.1764999,2190.896912,373.4976864,0.157524295,0.329307552
2057.155963,522.3236941,2191.200267,373.5497101,0.157451547,0.329070924
2057.197665,522.4709494,2191.503595,373.601748,0.157378798,0.328834253
2057.239366,522.618266,2191.806897,373.6538002,0.157306049,0.328597541
2057.281068,522.7656438,2192.110174,373.7058667,0.1572333,0.328360787
2057.322769,522.9130828,2192.413423,373.7579474,0.157160551,0.328123992
2057.36447,523.0605831,2192.716647,373.8100424,0.157087802,0.327887157
2057.406172,523.2081446,2193.019845,373.8621516,0.157015053,0.32765028
2057.447873,523.3557675,2193.323017,373.9142751,0.156942304,0.327413363
2057.489575,523.5034516,2193.626162,373.9664129,0.156869555,0.327176405
2057.531276,523.6511972,2193.929282,374.0185649,0.156796807,0.326939408
2057.572977,523.7990041,2194.232376,374.0707312,0.156724058,0.326702371
2057.614679,523.9468724,2194.535443,374.1229118,0.156651309,0.326465294
2057.65638,524.0948021,2194.838485,374.1751066,0.15657856,0.326228178
2057.698082,524.2427932,2195.141501,374.2273158,0.156505811,0.325991022
2057.739783,524.3908458,2195.444491,374.2795392,0.156433062,0.325753828
2057.781485,524.5389599,2195.747455,374.3317769,0.156360313,0.325516595
2057.823186,524.6871355,2196.050393,374.3840288,0.156287564,0.325279324
2057.864887,524.8353727,2196.353305,374.4362951,0.156214815,0.325042015
2057.906589,524.9836714,2196.656191,374.4885756,0.156142067,0.324804668
2057.94829,525.1320316,2196.959052,374.5408704,0.156069318,0.324567283
2057.989992,525.2804535,2197.261887,374.5931795,0.155996569,0.32432986
2058.031693,525.428937,2197.564696,374.6455029,0.15592382,0.324092401
2058.073394,525.5774821,2197.867479,374.6978406,0.155851071,0.323854904
2058.115096,525.7260889,2198.170237,374.7501926,0.155778322,0.323617371
2058.156797,525.8747574,2198.472969,374.8025589,0.155705573,0.323379802
2058.198499,526.0234876,2198.775675,374.8549394,0.155632824,0.323142196
2058.2402,526.1722795,2199.078356,374.9073343,0.155560075,0.322904554
2058.281902,526.3211332,2199.381011,374.9597435,0.155487327,0.322666876
2058.323603,526.4700487,2199.68364,375.012167,0.155414578,0.322429163
2058.365304,526.619026,2199.986244,375.0646048,0.155341829,0.322191415
2058.407006,526.7680651,2200.288822,375.1170569,0.15526908,0.321953631
2058.448707,526.917166,2200.591375,375.1695233,0.155196331,0.321715813
2058.490409,527.0663288,2200.893902,375.222004,0.155123582,0.32147796
2058.53211,527.2155536,2201.196404,375.274499,0.155050833,0.321240073
2058.573812,527.3648402,2201.49888,375.3270084,0.154978084,0.321002151
2058.615513,527.5141888,2201.801331,375.3795321,0.154905335,0.320764196
2058.657214,527.6635993,2202.103756,375.43207,0.154832587,0.320526208
2058.698916,527.8130718,2202.406156,375.4846224,0.154759838,0.320288185
2058.740617,527.9626064,2202.70853,375.537189,0.154687089,0.32005013
2058.782319,528.112203,2203.010879,375.5897699,0.15461434,0.319812042
2058.82402,528.2618616,2203.313203,375.6423652,0.154541591,0.319573921
2058.865721,528.4115823,2203.615502,375.6949748,0.154468842,0.319335768
2058.907423,528.5613651,2203.917775,375.7475988,0.154396093,0.319097583
2058.949124,528.71121,2204.220023,375.8002371,0.154323344,0.318859366
2058.990826,528.8611171,2204.522245,375.8528897,0.154250595,0.318621117
2059.032527,529.0110864,2204.824442,375.9055566,0.154177847,0.318382836
2059.074229,529.1611178,2205.126615,375.9582379,0.154105098,0.318144525
2059.11593,529.3112115,2205.428761,376.0109335,0.154032349,0.317906182
2059.157631,529.4613674,2205.730883,376.0636435,0.1539596,0.317667809
2059.199333,529.6115856,2206.03298,376.1163678,0.153886851,0.317429405
2059.241034,529.761866,2206.335051,376.1691065,0.153814102,0.317190972
2059.282736,529.9122088,2206.637097,376.2218595,0.153741353,0.316952508
2059.324437,530.0626139,2206.939119,376.2746268,0.153668604,0.316714014
2059.366138,530.2130813,2207.241115,376.3274085,0.153595855,0.316475491
2059.40784,530.3636112,2207.543086,376.3802046,0.153523107,0.316236938
2059.449541,530.5142034,2207.845032,376.433015,0.153450358,0.315998357
2059.491243,530.6648581,2208.146953,376.4858398,0.153377609,0.315759747
2059.532944,530.8155752,2208.448849,376.538679,0.15330486,0.315521108
2059.574646,530.9663548,2208.75072,376.5915325,0.153232111,0.315282441
2059.616347,531.1171969,2209.052566,376.6444003,0.153159362,0.315043745
2059.658048,531.2681015,2209.354387,376.6972826,0.153086613,0.314805022
2059.69975,531.4190686,2209.656183,376.7501792,0.153013864,0.314566272
2059.741451,531.5700983,2209.957954,376.8030901,0.152941115,0.314327494
2059.783153,531.7211906,2210.259701,376.8560155,0.152868367,0.314088689
2059.824854,531.8723455,2210.561423,376.9089552,0.152795618,0.313849857
2059.866555,532.0235631,2210.863119,376.9619093,0.152722869,0.313610999
2059.908257,532.1748433,2211.164791,377.0148778,0.15265012,0.313372114
2059.949958,532.3261861,2211.466439,377.0678606,0.152577371,0.313133203
2059.99166,532.4775917,2211.768061,377.1208579,0.152504622,0.312894266
2060.033361,532.6290601,2212.069659,377.1738695,0.152431873,0.312655304
2060.075063,532.7805911,2212.371232,377.2268955,0.152359124,0.312416316
2060.116764,532.932185,2212.67278,377.2799359,0.152286375,0.312177303
2060.158465,533.0838416,2212.974303,377.3329907,0.152213627,0.311938265
2060.200167,533.2355611,2213.275802,377.3860598,0.152140878,0.311699203
2060.241868,533.3873434,2213.577276,377.4391434,0.152068129,0.311460116
2060.28357,533.5391886,2213.878726,377.4922414,0.15199538,0.311221005
2060.325271,533.6910966,2214.180151,377.5453537,0.151922631,0.31098187
2060.366972,533.8430676,2214.481551,377.5984805,0.151849882,0.310742711
2060.408674,533.9951016,2214.782927,377.6516217,0.151777133,0.310503529
2060.450375,534.1471985,2215.084279,377.7047772,0.151704384,0.310264323
2060.492077,534.2993583,2215.385605,377.7579472,0.151631635,0.310025095
2060.533778,534.4515812,2215.686908,377.8111316,0.151558887,0.309785844
2060.57548,534.6038671,2215.988186,377.8643304,0.151486138,0.309546571
2060.617181,534.7562161,2216.289439,377.9175436,0.151413389,0.309307275
2060.658882,534.9086282,2216.590668,377.9707712,0.15134064,0.309067957
2060.700584,535.0611033,2216.891872,378.0240132,0.151267891,0.308828618
2060.742285,535.2136416,2217.193052,378.0772697,0.151195142,0.308589257
2060.783987,535.3662431,2217.494208,378.1305406,0.151122393,0.308349875
2060.825688,535.5189077,2217.795339,378.1838259,0.151049644,0.308110471
2060.867389,535.6716355,2218.096446,378.2371256,0.150976895,0.307871047
2060.909091,535.8244266,2218.397529,378.2904397,0.150904147,0.307631603
2060.950792,535.9772808,2218.698587,378.3437683,0.150831398,0.307392138
2060.992494,536.1301984,2218.999622,378.3971113,0.150758649,0.307152653
2061.034195,536.2831792,2219.300631,378.4504687,0.1506859,0.306913149
2061.075897,536.4362234,2219.601617,378.5038406,0.150613151,0.306673625
2061.117598,536.5893309,2219.902578,378.5572269,0.150540402,0.306434082
2061.159299,536.7425018,2220.203516,378.6106277,0.150467653,0.306194519
2061.201001,536.895736,2220.504429,378.6640428,0.150394904,0.305954938
2061.242702,537.0490337,2220.805317,378.7174725,0.150322155,0.305715338
2061.284404,537.2023948,2221.106182,378.7709165,0.150249406,0.30547572
2061.326105,537.3558194,2221.407023,378.824375,0.150176658,0.305236084
2061.367807,537.5093074,2221.707839,378.877848,0.150103909,0.30499643
2061.409508,537.662859,2222.008631,378.9313354,0.15003116,0.304756758
2061.451209,537.8164741,2222.3094,378.9848373,0.149958411,0.30451707
2061.492911,537.9701527,2222.610144,379.0383536,0.149885662,0.304277364
2061.534612,538.1238949,2222.910864,379.0918844,0.149812913,0.304037641
2061.576314,538.2777008,2223.211561,379.1454296,0.149740164,0.303797901
2061.618015,538.4315702,2223.512233,379.1989893,0.149667415,0.303558146
2061.659716,538.5855033,2223.812881,379.2525635,0.149594666,0.303318374
2061.701418,538.7395001,2224.113505,379.3061521,0.149521918,0.303078586
2061.743119,538.8935605,2224.414106,379.3597552,0.149449169,0.302838783
2061.784821,539.0476847,2224.714682,379.4133728,0.14937642,0.302598964
2061.826522,539.2018727,2225.015235,379.4670048,0.149303671,0.30235913
2061.868224,539.3561244,2225.315764,379.5206513,0.149230922,0.302119282
2061.909925,539.5104399,2225.616269,379.5743123,0.149158173,0.301879418
2061.951626,539.6648192,2225.91675,379.6279878,0.149085424,0.301639541
2061.993328,539.8192623,2226.217207,379.6816777,0.149012675,0.301399649
2062.035029,539.9737694,2226.517641,379.7353821,0.148939926,0.301159743
2062.076731,540.1283403,2226.81805,379.789101,0.148867178,0.300919824
2062.118432,540.2829751,2227.118436,379.8428344,0.148794429,0.300679891
2062.160133,540.4376739,2227.418799,379.8965823,0.14872168,0.300439945
2062.201835,540.5924366,2227.719137,379.9503446,0.148648931,0.300199986
2062.243536,540.7472633,2228.019452,380.0041215,0.148576182,0.299960015
2062.285238,540.902154,2228.319743,380.0579128,0.148503433,0.299720031
2062.326939,541.0571088,2228.620011,380.1117187,0.148430684,0.299480035
2062.368641,541.2121276,2228.920255,380.165539,0.148357935,0.299240027
2062.410342,541.3672105,2229.220475,380.2193739,0.148285186,0.299000007
2062.452043,541.5223575,2229.520672,380.2732232,0.148212438,0.298759976
2062.493745,541.6775686,2229.820845,380.3270871,0.148139689,0.298519934
2062.535446,541.8328439,2230.120995,380.3809654,0.14806694,0.298279881
2062.577148,541.9881834,2230.421121,380.4348583,0.147994191,0.298039817
2062.618849,542.143587,2230.721223,380.4887657,0.147921442,0.297799743
2062.66055,542.2990549,2231.021302,380.5426875,0.147848693,0.297559658
2062.702252,542.4545871,2231.321358,380.5966239,0.147775944,0.297319563
2062.743953,542.6101835,2231.62139,380.6505749,0.147703195,0.297079459
2062.785655,542.7658442,2231.921398,380.7045403,0.147630446,0.296839346
2062.827356,542.9215692,2232.221384,380.7585202,0.147557698,0.296599223
2062.869058,543.0773586,2232.521346,380.8125147,0.147484949,0.296359091
2062.910759,543.2332124,2232.821284,380.8665237,0.1474122,0.29611895
2062.95246,543.3891306,2233.121199,380.9205473,0.147339451,0.295878801
2062.994162,543.5451131,2233.421091,380.9745853,0.147266702,0.295638644
2063.035863,543.7011602,2233.720959,381.0286379,0.147193953,0.295398479
2063.077565,543.8572716,2234.020804,381.082705,0.147121204,0.295158306
2063.119266,544.0134476,2234.320626,381.1367867,0.147048455,0.294918126
2063.160967,544.1696881,2234.620425,381.1908829,0.146975706,0.294677938
2063.202669,544.3259932,2234.9202,381.2449936,0.146902958,0.294437743
2063.24437,544.4823628,2235.219952,381.2991189,0.146830209,0.294197542
2063.286072,544.638797,2235.519681,381.3532587,0.14675746,0.293957334
2063.327773,544.7952958,2235.819387,381.4074131,0.146684711,0.29371712
2063.369475,544.9518593,2236.119069,381.461582,0.146611962,0.2934769
2063.411176,545.1084874,2236.418729,381.5157655,0.146539213,0.293236674
2063.452877,545.2651802,2236.718365,381.5699635,0.146466464,0.292996443
2063.494579,545.4219377,2237.017978,381.6241761,0.146393715,0.292756206
2063.53628,545.57876,2237.317568,381.6784032,0.146320966,0.292515964
2063.577982,545.735647,2237.617135,381.7326449,0.146248218,0.292275718
2063.619683,545.8925988,2237.916679,381.7869011,0.146175469,0.292035467
2063.661384,546.0496155,2238.2162,381.8411719,0.14610272,0.291795212
2063.703086,546.2066969,2238.515697,381.8954573,0.146029971,0.291554952
2063.744787,546.3638432,2238.815172,381.9497572,0.145957222,0.291314689
2063.786489,546.5210544,2239.114624,382.0040718,0.145884473,0.291074423
2063.82819,546.6783305,2239.414053,382.0584008,0.145811724,0.290834153
2063.869892,546.8356716,2239.713459,382.1127445,0.145738975,0.29059388
2063.911593,546.9930776,2240.012842,382.1671027,0.145666226,0.290353605
2063.953294,547.1505486,2240.312202,382.2214755,0.145593478,0.290113327
2063.994996,547.3080846,2240.611539,382.2758629,0.145520729,0.289873046
2064.036697,547.4656856,2240.910853,382.3302649,0.14544798,0.289632764
2064.078399,547.6233517,2241.210145,382.3846815,0.145375231,0.289392479
2064.1201,547.7810828,2241.509413,382.4391126,0.145302482,0.289152193
2064.161802,547.9388791,2241.808659,382.4935583,0.145229733,0.288911906
2064.203503,548.0967405,2242.107882,382.5480187,0.145156984,0.288671618
2064.245204,548.254667,2242.407082,382.6024936,0.145084235,0.288431329
2064.286906,548.4126588,2242.70626,382.6569831,0.145011486,0.28819104
2064.328607,548.5707157,2243.005414,382.7114872,0.144938738,0.28795075
2064.370309,548.7288379,2243.304546,382.7660059,0.144865989,0.28771046
2064.41201,548.8870253,2243.603656,382.8205392,0.14479324,0.28747017
2064.453711,549.045278,2243.902742,382.8750871,0.144720491,0.287229881
2064.495413,549.203596,2244.201806,382.9296496,0.144647742,0.286989592
2064.537114,549.3619793,2244.500847,382.9842268,0.144574993,0.286749304
2064.578816,549.520428,2244.799866,383.0388185,0.144502244,0.286509018
2064.620517,549.6789421,2245.098862,383.0934249,0.144429495,0.286268733
2064.662219,549.8375216,2245.397835,383.1480458,0.144356746,0.286028449
2064.70392,549.9961664,2245.696786,383.2026814,0.144283998,0.285788168
2064.745621,550.1548768,2245.995714,383.2573316,0.144211249,0.285547889
2064.787323,550.3136526,2246.29462,383.3119964,0.1441385,0.285307612
2064.829024,550.4724939,2246.593503,383.3666758,0.144065751,0.285067337
2064.870726,550.6314008,2246.892364,383.4213699,0.143993002,0.284827066
2064.912427,550.7903732,2247.191202,383.4760786,0.143920253,0.284586798
2064.954128,550.9494112,2247.490018,383.5308019,0.143847504,0.284346533
2064.99583,551.1085147,2247.788811,383.5855399,0.143774755,0.284106272
2065.037531,551.267684,2248.087582,383.6402925,0.143702006,0.283866015
2065.079233,551.4269188,2248.38633,383.6950597,0.143629258,0.283625762
2065.120934,551.5862194,2248.685056,383.7498416,0.143556509,0.283385513
2065.162636,551.7455856,2248.98376,383.8046381,0.14348376,0.283145269
2065.204337,551.9050176,2249.282441,383.8594492,0.143411011,0.28290503
2065.246038,552.0645153,2249.5811,383.914275,0.143338262,0.282664796
2065.28774,552.2240788,2249.879737,383.9691154,0.143265513,0.282424567
2065.329441,552.383708,2250.178351,384.0239705,0.143192764,0.282184344
2065.371143,552.5434032,2250.476943,384.0788403,0.143120015,0.281944127
2065.412844,552.7031641,2250.775513,384.1337247,0.143047266,0.281703916
2065.454545,552.862991,2251.07406,384.1886237,0.142974518,0.281463711
2065.496247,553.0228837,2251.372586,384.2435374,0.142901769,0.281223513
2065.537948,553.1828424,2251.671089,384.2984658,0.14282902,0.280983322
2065.57965,553.342867,2251.969569,384.3534088,0.142756271,0.280743138
2065.621351,553.5029576,2252.268028,384.4083665,0.142683522,0.280502961
2065.663053,553.6631142,2252.566465,384.4633388,0.142610773,0.280262792
2065.704754,553.8233369,2252.864879,384.5183259,0.142538024,0.280022631
2065.746455,553.9836256,2253.163271,384.5733276,0.142465275,0.279782478
2065.788157,554.1439803,2253.461641,384.6283439,0.142392526,0.279542333
2065.829858,554.3044012,2253.759989,384.683375,0.142319778,0.279302197
2065.87156,554.4648882,2254.058315,384.7384207,0.142247029,0.27906207
2065.913261,554.6254413,2254.356619,384.7934811,0.14217428,0.278821952
2065.954962,554.7860606,2254.654901,384.8485562,0.142101531,0.278581843
2065.996664,554.9467462,2254.953161,384.903646,0.142028782,0.278341743
2066.038365,555.1074979,2255.251399,384.9587504,0.141956033,0.278101654
2066.080067,555.2683159,2255.549614,385.0138696,0.141883284,0.277861575
2066.121768,555.4292002,2255.847808,385.0690034,0.141810535,0.277621506
2066.16347,555.5901508,2256.14598,385.124152,0.141737786,0.277381447
2066.205171,555.7511677,2256.44413,385.1793152,0.141665038,0.2771414
2066.246872,555.912251,2256.742258,385.2344931,0.141592289,0.276901363
2066.288574,556.0734007,2257.040364,385.2896857,0.14151954,0.276661338
2066.330275,556.2346167,2257.338449,385.3448931,0.141446791,0.276421325
2066.371977,556.3958992,2257.636511,385.4001151,0.141374042,0.276181323
2066.413678,556.5572482,2257.934552,385.4553518,0.141301293,0.275941333
2066.455379,556.7186636,2258.23257,385.5106033,0.141228544,0.275701356
2066.497081,556.8801456,2258.530567,385.5658694,0.141155795,0.275461391
2066.538782,557.041694,2258.828542,385.6211503,0.141083046,0.275221439
2066.580484,557.2033091,2259.126496,385.6764459,0.141010298,0.2749815
2066.622185,557.3649907,2259.424427,385.7317562,0.140937549,0.274741574
2066.663887,557.5267389,2259.722337,385.7870812,0.1408648,0.274501662
2066.705588,557.6885537,2260.020225,385.8424209,0.140792051,0.274261764
2066.747289,557.8504353,2260.318092,385.8977754,0.140719302,0.274021879
2066.788991,558.0123835,2260.615936,385.9531446,0.140646553,0.273782009
2066.830692,558.1743984,2260.913759,386.0085285,0.140573804,0.273542154
2066.872394,558.33648,2261.211561,386.0639272,0.140501055,0.273302313
2066.914095,558.4986284,2261.509341,386.1193406,0.140428306,0.273062487
2066.955796,558.6608436,2261.807099,386.1747687,0.140355558,0.272822677
2066.997498,558.8231257,2262.104835,386.2302116,0.140282809,0.272582882
2067.039199,558.9854745,2262.40255,386.2856692,0.14021006,0.272343103
2067.080901,559.1478902,2262.700244,386.3411415,0.140137311,0.27210334
2067.122602,559.3103728,2262.997915,386.3966286,0.140064562,0.271863593
2067.164304,559.4729223,2263.295566,386.4521304,0.139991813,0.271623863
2067.206005,559.6355388,2263.593195,386.507647,0.139919064,0.271384149
2067.247706,559.7982222,2263.890802,386.5631784,0.139846315,0.271144453
2067.289408,559.9609726,2264.188388,386.6187244,0.139773566,0.270904773
2067.331109,560.1237901,2264.485952,386.6742853,0.139700818,0.270665112
2067.372811,560.2866746,2264.783495,386.7298609,0.139628069,0.270425468
2067.414512,560.4496261,2265.081016,386.7854513,0.13955532,0.270185841
2067.456214,560.6126447,2265.378516,386.8410564,0.139482571,0.269946234
2067.497915,560.7757305,2265.675995,386.8966763,0.139409822,0.269706644
2067.539616,560.9388834,2265.973452,386.9523109,0.139337073,0.269467074
2067.581318,561.1021035,2266.270888,387.0079604,0.139264324,0.269227522
2067.623019,561.2653908,2266.568303,387.0636246,0.139191575,0.268987989
2067.664721,561.4287453,2266.865696,387.1193035,0.139118826,0.268748476
2067.706422,561.592167,2267.163068,387.1749973,0.139046078,0.268508983
2067.748123,561.7556561,2267.460419,387.2307058,0.138973329,0.26826951
2067.789825,561.9192124,2267.757748,387.2864291,0.13890058,0.268030057
2067.831526,562.082836,2268.055056,387.3421672,0.138827831,0.267790624
2067.873228,562.246527,2268.352343,387.3979201,0.138755082,0.267551212
2067.914929,562.4102854,2268.649608,387.4536878,0.138682333,0.267311821
2067.956631,562.5741112,2268.946853,387.5094702,0.138609584,0.267072451
2067.998332,562.7380044,2269.244076,387.5652675,0.138536835,0.266833103
2068.040033,562.9019651,2269.541278,387.6210795,0.138464086,0.266593776
2068.081735,563.0659933,2269.838459,387.6769064,0.138391337,0.266354471
2068.123436,563.2300889,2270.135619,387.732748,0.138318589,0.266115189
2068.165138,563.3942521,2270.432757,387.7886044,0.13824584,0.265875929
2068.206839,563.5584829,2270.729875,387.8444757,0.138173091,0.265636691
2068.24854,563.7227812,2271.026971,387.9003617,0.138100342,0.265397476
2068.290242,563.8871472,2271.324047,387.9562626,0.138027593,0.265158285
2068.331943,564.0515808,2271.621101,388.0121783,0.137954844,0.264919117
2068.373645,564.216082,2271.918134,388.0681087,0.137882095,0.264679972
2068.415346,564.380651,2272.215146,388.124054,0.137809346,0.264440852
2068.457048,564.5452876,2272.512138,388.1800141,0.137736597,0.264201755
2068.498749,564.709992,2272.809108,388.2359891,0.137663849,0.263962683
2068.54045,564.8747642,2273.106057,388.2919788,0.1375911,0.263723636
2068.582152,565.0396042,2273.402985,388.3479834,0.137518351,0.263484613
2068.623853,565.204512,2273.699893,388.4040028,0.137445602,0.263245616
2068.665555,565.3694876,2273.996779,388.4600371,0.137372853,0.263006644
2068.707256,565.5345311,2274.293644,388.5160861,0.137300104,0.262767697
2068.748957,565.6996425,2274.590489,388.57215,0.137227355,0.262528777
2068.790659,565.8648218,2274.887313,388.6282288,0.137154606,0.262289882
2068.83236,566.0300691,2275.184116,388.6843223,0.137081857,0.262051014
2068.874062,566.1953843,2275.480898,388.7404308,0.137009109,0.261812172
2068.915763,566.3607676,2275.777659,388.796554,0.13693636,0.261573357
2068.957465,566.5262189,2276.074399,388.8526921,0.136863611,0.26133457
2068.999166,566.6917382,2276.371119,388.9088451,0.136790862,0.261095809
2069.040867,566.8573256,2276.667818,388.9650129,0.136718113,0.260857076
2069.082569,567.0229811,2276.964496,389.0211955,0.136645364,0.260618371
2069.12427,567.1887048,2277.261153,389.077393,0.136572615,0.260379694
2069.165972,567.3544966,2277.55779,389.1336054,0.136499866,0.260141045
2069.207673,567.5203566,2277.854405,389.1898326,0.136427117,0.259902425
2069.249374,567.6862848,2278.151001,389.2460747,0.136354369,0.259663834
2069.291076,567.8522813,2278.447575,389.3023316,0.13628162,0.259425271
2069.332777,568.018346,2278.744129,389.3586035,0.136208871,0.259186738
2069.374479,568.184479,2279.040662,389.4148901,0.136136122,0.258948235
2069.41618,568.3506804,2279.337175,389.4711917,0.136063373,0.258709761
2069.457882,568.51695,2279.633667,389.5275081,0.135990624,0.258471317
2069.499583,568.6832881,2279.930138,389.5838394,0.135917875,0.258232903
2069.541284,568.8496945,2280.226589,389.6401856,0.135845126,0.25799452
2069.582986,569.0161694,2280.523019,389.6965467,0.135772377,0.257756168
2069.624687,569.1827127,2280.819429,389.7529226,0.135699629,0.257517846
2069.666389,569.3493245,2281.115818,389.8093134,0.13562688,0.257279556
2069.70809,569.5160048,2281.412186,389.8657191,0.135554131,0.257041297
2069.749791,569.6827536,2281.708534,389.9221397,0.135481382,0.25680307
2069.791493,569.849571,2282.004862,389.9785752,0.135408633,0.256564875
2069.833194,570.0164569,2282.301169,390.0350256,0.135335884,0.256326712
2069.874896,570.1834115,2282.597456,390.0914909,0.135263135,0.256088581
2069.916597,570.3504347,2282.893722,390.1479711,0.135190386,0.255850484
2069.958299,570.5175265,2283.189968,390.2044662,0.135117637,0.255612419
2070,570.6846871,2283.486194,390.2609762,0.135044889,0.255374387
