Year(berkely),Temp (berkely),Year (GLB),temp_anomaly (GLB),CO2 Age (year AD),CO2 (ppm),Uncert (ppm),CH4 Age (year AD),CH4 (ppb),Uncert (ppb),N2O Age (year AD),N2O (ppb),Uncert (ppb)
1800.490038,-0.637927956,1880,-0.17,2020,414.24,0.12,2020,1879.29,0.6,2017,330,
1800.804274,-0.658572513,1881,-0.08,2019,411.66,0.12,2019,1866.44,0.6,2016,329,
1800.804274,-0.670959247,1882,-0.1,2018,408.72,0.12,2018,1857.25,0.81,2015,329,
1801.746981,-0.654443601,1883,-0.17,2017,406.76,0.12,2017,1849.78,0.63,2014,328,
1802.061217,-0.675088158,1884,-0.28,2016,404.41,0.12,2016,1843.24,0.62,2013,327,
1802.061217,-0.691603803,1885,-0.33,2015,401.01,0.12,2015,1834.13,0.46,2012,326,
1803.003924,-0.687474892,1886,-0.31,2014,398.87,0.12,2014,1822.49,0.53,2011,325,
1803.003924,-0.703990537,1887,-0.36,2013,396.74,0.12,2013,1813.23,0.72,2010,324,
1803.003924,-0.720506182,1888,-0.17,2012,394.06,0.12,2012,1808.03,0.6,2009,323,
1803.318159,-0.737021827,1889,-0.1,2011,391.85,0.12,2011,1803.08,0.66,2008,322,
1803.632395,-0.753537473,1890,-0.35,2010,390.1,0.12,2010,1798.84,0.74,2007,321,
1803.946631,-0.770053118,1891,-0.22,2009,387.64,0.12,2009,1793.6,0.64,2006,320,
1804.575102,-0.784504307,1892,-0.27,2008,385.83,0.12,2008,1787.04,0.68,2005,320,
1805.203574,-0.803084408,1893,-0.31,2007,384.03,0.12,2007,1781.28,0.61,2004,319,
1805.51781,-0.786568763,1894,-0.3,2006,382.09,0.12,2006,1774.77,0.55,2003,318,
1805.832045,-0.823728965,1895,-0.22,2005,379.98,0.12,2005,1774.11,0.65,2002,317,
1805.832045,-0.84024461,1896,-0.11,2004,377.7,0.12,2004,1777.16,0.51,2001,317,
1805.51781,-0.848502433,1897,-0.11,2003,375.98,0.12,2003,1777.35,0.55,2000,316,
1806.146281,-0.860889167,1898,-0.27,2002,373.45,0.12,2002,1772.82,0.52,1999,315,
1806.460517,-0.877404812,1899,-0.17,2001,371.32,0.12,2001,1771.08,0.59,1998,314,
1806.460517,-0.891856001,1900,-0.08,2000,369.71,0.12,2000,1773.06,0.72,1997,314,
1806.774752,-0.910436102,1901,-0.16,1999,368.54,0.12,1999,1772.54,0.58,1996,311.5,0.2
1806.774752,-0.926951748,1902,-0.28,1998,366.84,0.12,1998,1765.73,0.65,1994,310.2,0.4
1807.088988,-0.947596304,1903,-0.37,1997,363.88,0.12,1997,1754.59,0.38,1993,309.0,0.3
1807.088988,-0.964111949,1904,-0.47,1996,359.87,0.02,1996,1707,1,1992,308.9,0.1
1807.088988,-0.980627595,1905,-0.26,1996,362.74,0.12,1996,1751.41,0.61,1991,308.1,0.3
1807.088988,-0.99714324,1906,-0.22,1995,360.97,0.12,1995,1749.07,0.54,1991,307.8,1.1
1807.71746,-1.021916708,1907,-0.39,1994,357.24,0.04,1994,1696,2,1990,307.3,0.2
1807.71746,-1.038432353,1908,-0.43,1994,358.96,0.12,1994,1742.1,0.57,1989,307.0,0.3
1807.71746,-1.054947998,1909,-0.48,1993,354.6,0.02,1993,1674,1,1989,306.4,0.3
1808.345931,-1.075592555,1910,-0.43,1993,357.21,0.12,1993,1736.71,0.41,1988,305.4,0.2
1808.974403,-1.085914833,1911,-0.43,1992,353.89,0.04,1992,1682,2,1987,304.7,0.1
1809.288638,-1.100366022,1912,-0.35,1992,356.54,0.12,1992,1735.45,0.54,1986,304.1,0.3
1809.602874,-1.121010579,1913,-0.34,1991,352.6,0.18,1991,1678,2,1986,303.4,0.3
1809.602874,-1.137526224,1914,-0.15,1991,355.7,0.12,1991,1724.93,0.69,1985,302.8,0.3
1809.602874,-1.154041869,1915,-0.14,1991,352.0,0.25,1991,1675,6,1983,303.0,0.3
1809.602874,-1.168493059,1916,-0.36,1990,354.45,0.12,1990,1714.53,0.68,1983,301.7,0.1
1810.545581,-1.141655135,1917,-0.46,1990,351.4,0.07,1990,1671,2,1979,299.8,0.2
1810.545581,-1.158170781,1918,-0.29,1989,349.92,0.08,1989,1663,1,1979,300,1
1810.859817,-1.174686426,1919,-0.28,1989,353.2,0.12,1989,1704.5,0.52,1976,300,1
1810.859817,-1.189137615,1920,-0.27,1989,349.8,0.01,1989,1661,2,1976,298.7,0.5
1811.174053,-1.207717716,1921,-0.19,1988,347.8,0.40,1988,1646,1,1974,297,2
1811.174053,-1.224233362,1922,-0.28,1988,351.69,0.12,1988,1693.1,0.59,1972,299,2
1811.488288,-1.240749007,1923,-0.27,1987,346.5,0.03,1987,1637,1,1972,298,1
1812.11676,-1.257264652,1924,-0.27,1987,349.31,0.12,1987,1682.76,0.57,1971,297,2
1812.11676,-1.273780297,1925,-0.22,1987,345.3,0.13,1987,1630,2,1971,295.4,0.2
1812.11676,-1.288231487,1926,-0.11,1986,344.6,0.10,1986,1625,3,1969,293,1
1812.745231,-1.310940499,1927,-0.22,1986,347.61,0.12,1986,1670.15,0.81,1969,294,3
1812.430996,-1.319198322,1928,-0.2,1986,343.9,0.05,1986,1621,1,1967,294,2
1812.745231,-1.346036245,1929,-0.36,1985,346.35,0.12,1985,1657.19,0.64,1967,295,3
1813.478448,-1.330208752,1930,-0.16,1985,342.7,0.16,1985,1611,2,1966,293,2
1814.106919,-1.273780297,1931,-0.1,1984,344.85,0.12,1984,1644.57,0.73,1966,293,1
1813.687938,-1.290295943,1932,-0.16,1983,341.45,0.14,1983,1588,1,1964,297,1
1813.687938,-1.306811588,1933,-0.29,1983,339.6,0.28,1983,1583,1,1963,291,3
1814.735391,-1.249006829,1934,-0.13,1983,343.15,0.12,1980,1497,8,1963,295,1
1814.944881,-1.269651386,1935,-0.2,1982,341.48,0.12,1980,1496,8,1961,289,3
1815.992334,-1.215975539,1936,-0.15,1981,340.12,0.12,1979,1518,2,1959,296,1
1815.573353,-1.232491184,1937,-0.03,1980,338.76,0.12,1977,1476,5,1958,292,1
1815.573353,-1.249006829,1938,-0.01,1979,335.5,0.00,1976,1479,6,1958,291,1
1817.249277,-1.075592555,1939,-0.02,1979,335.5,0.6,1975,1437,8,1957,290,2
1817.144531,-1.096237111,1940,0.12,1979,336.84,0.12,1974,1417,7,1957,291.5,0.2
1817.144531,-1.110688301,1941,0.18,1979,332.4,0.9,1973,1434,4,1957,294,1
1816.830296,-1.12513949,1942,0.06,1978,335.41,0.12,1973,1402,5,1957,290,2
1816.830296,-1.141655135,1943,0.09,1977,333.84,0.12,1972,1396,8,1955,290,2
1816.830296,-1.158170781,1944,0.2,1976,331.5,0.6,1971,1396,8,1955,293,1
1816.830296,-1.174686426,1945,0.09,1976,332.03,0.12,1971,1373,5,1954,288,1
1816.830296,-1.191202071,1946,-0.08,1976,332.6,0.04,1971,1369,0,1953,288,1
1816.830296,-1.207717716,1947,-0.03,1975,331.12,0.12,1970,1367,5,1950,288,1
1816.830296,-1.22010445,1948,-0.11,1974,330.19,0.12,1970,1353,6,1950,288,1
1817.877748,-1.049442783,1949,-0.11,1974,328.4,0.9,1969,1326,13,1949,289,1
1818.401474,-1.026045619,1950,-0.18,1973,329.68,0.12,1968,1335,4,1949,289,1
1818.71571,-1.042561264,1951,-0.07,1973,330.4,2.1,1968,1335,6,1948,289,1
1818.71571,-1.059076909,1952,0.01,1972,326.4,1.3,1967,1300,8,1945,289,1
1819.763163,-0.950348912,1953,0.08,1972,326.5,1.2,1967,1293,5,1945,288,1
1819.344182,-0.968240861,1954,-0.13,1972,327.46,0.12,1965,1277,7,1941,290,2
1819.344182,-0.984756506,1955,-0.14,1972,324.5,0.6,1965,1274,5,1941,285,2
1819.344182,-1.001272151,1956,-0.19,1971,326.32,0.12,1964,1273,5,1939,287,1
1819.344182,-1.017787796,1957,0.05,1971,325.5,0.6,1964,1268,6,1939,288,2
1819.344182,-1.03017453,1958,0.06,1971,325.00,0.16,1964,1263,8,1939,286,1
1820.286889,-0.893920457,1959,0.03,1970,325.0,0.6,1964,1288,5,1939,285,2
1820.286889,-0.908371647,1960,-0.03,1970,325.68,0.12,1964,1275,5,1938,286,2
1819.972653,-0.926951748,1961,0.06,1970,323.8,0.6,1963,1248,19,1938,288.8,0.2
1820.91536,-0.844373521,1962,0.03,1969,324.1,0.6,1963,1232,5,1937,285,2
1820.91536,-0.858824711,1963,0.05,1969,324.62,0.12,1962,1226,4,1937,286,2
1820.601124,-0.877404812,1964,-0.2,1969,320.3,1.2,1962,1228,4,1936,285,2
1821.543832,-0.75973084,1965,-0.11,1968,323.05,0.12,1960,1214,7,1935,290,2
1821.229596,-0.77831094,1966,-0.06,1968,322.3,1.3,1959,1207,7,1935,288,2
1821.229596,-0.794826586,1967,-0.02,1967,320.9,1.2,1959,1186,8,1933,286,1
1821.229596,-0.811342231,1968,-0.08,1967,320.4,1.7,1958,1209,4,1931,285,3
1821.229596,-0.827857876,1969,0.05,1967,322.18,0.12,1958,1190,7,1931,286,2
1822.277048,-0.662701424,1970,0.03,1966,321.37,0.12,1958,1204,4,1929,289,1
1822.172303,-0.68334598,1971,-0.08,1966,319.2,0.9,1957,1192,1,1926,284,1
1821.858067,-0.695732714,1972,0.01,1966,319.9,0.6,1957,1178,5,1926,292,1
1821.858067,-0.71224836,1973,0.16,1965,320.04,0.12,1957,1197,5,1926,283,1
1821.858067,-0.728764005,1974,-0.07,1964,319.62,0.12,1957,1185,5,1926,284,4
1821.858067,-0.74527965,1975,-0.01,1964,319.3,0.9,1956,1177,16,1926,285,4
1822.800775,-0.58838102,1976,-0.1,1964,318.9,0.6,1956,1186,16,1925,284,1
1822.486539,-0.604896666,1977,0.18,1963,318.99,0.12,1956,1178,10,1925,283,1
1822.486539,-0.621412311,1978,0.07,1963,319.8,0.6,1956,1166,7,1923,288,1
1822.486539,-0.637927956,1979,0.16,1963,317.3,1.7,1955,1157,5,1923,287,1
1823.429246,-0.56980092,1980,0.26,1963,317.4,0.9,1955,1153,5,1923,283,1
1824.057717,-0.55534973,1981,0.32,1963,319.1,0.6,1955,1159,5,1918,284,2
1824.686189,-0.538834085,1982,0.14,1963,317.5,0.6,1955,1154,7,1918,289,2
1825.31466,-0.520253984,1983,0.31,1962,317.2,6.4,1954,1153,7,1916,283,1
1825.000425,-0.551220819,1984,0.16,1962,318.45,0.12,1951,1115,5,1913,283,1
1825.943132,-0.472771504,1985,0.12,1962,316.5,0.6,1951,1121,7,1911,285,1
1825.943132,-0.489287149,1986,0.18,1961,317.64,0.12,1950,1097,7,1911,281,2
1825.943132,-0.503738339,1987,0.32,1961,311.9,2.4,1950,1115,5,1910,278,2
1826.885839,-0.497544972,1988,0.39,1961,313.0,1.6,1949,1112,7,1907,280,1
1826.885839,-0.514060617,1989,0.27,1960,316.91,0.12,1949,1115,14,1906,280,2
1826.885839,-0.530576262,1990,0.45,1959,315.98,0.12,1948,1110,10,1902,279,1
1826.885839,-0.547091907,1991,0.41,1959,316.5,0.9,1948,1106,7,1902,278,1
1827.200075,-0.567736464,1992,0.22,1958,314.7,0.4,1948,1112,7,1900,279,2
1827.200075,-0.584252109,1993,0.23,1958,314.2,0.5,1948,1106,5,1899,277,1
1827.828546,-0.604896666,1994,0.32,1957,315.1,1.2,1947,1097,7,1897,275,1
1829.085489,-0.592509932,1995,0.45,1957,316.45,0.04,1946,1123,7,1897,277,1
1829.085489,-0.606961121,1996,0.33,1957,314.4,0.4,1946,1094,5,1897,276,1
1830.028196,-0.613154488,1997,0.47,1957,314.5,1.2,1945,1091,5,1897,274,1
1830.028196,-0.629670133,1998,0.61,1956,314.4,0.6,1945,1084,5,1894,278,1
1830.342432,-0.646185779,1999,0.39,1956,315.4,0.6,1945,1090,7,1894,281,2
1830.656668,-0.662701424,2000,0.4,1956,315.9,0.6,1944,1090,7,1893,278,1
1830.656668,-0.679217069,2001,0.54,1955,314.6,0.5,1944,1090,7,1890,274,2
1830.656668,-0.695732714,2002,0.63,1955,313.7,1.0,1943,1084,7,1888,279,2
1830.970903,-0.710183904,2003,0.62,1955,314.9,2.1,1943,1085,7,1887,277,1
1831.285139,-0.728764005,2004,0.54,1955,314.7,2.1,1942,1081,5,1883,276,2
1831.599375,-0.749408561,2005,0.68,1954,313.1,0.6,1942,1087,10,1880,274,2
1831.913611,-0.770053118,2006,0.64,1954,312.7,0.6,1942,1080,4,1873,275,1
1831.913611,-0.786568763,2007,0.67,1954,311.6,0.6,1941,1067,5,1870,274,2
1831.913611,-0.803084408,2008,0.54,1954,312.8,2.1,1941,1076,10,1870,274,1
1832.227846,-0.819600054,2009,0.66,1953,312.3,0.4,1940,1072,5,1869,277,1
1832.227846,-0.836115699,2010,0.72,1950,312.0,0.6,1940,1073,8,1864,274,2
1832.227846,-0.852631344,2011,0.61,1950,313.7,2.1,1940,1060,12,1863,278,1
1832.542082,-0.869146989,2012,0.65,1949,309.8,0.4,1940,1085,3,1859,274,0
1832.856318,-0.889791546,2013,0.68,1949,310.4,0.6,1940,1072,4,1857,271,3
1832.542082,-0.898049368,2014,0.75,1948,311.6,2.1,1940,1070,11,1855,271,1
1833.484789,-0.914565014,2015,0.9,1948,311.0,4.8,1940,1074,12,1851,271,3
1833.484789,-0.931080659,2016,1.01,1947,310.8,3.2,1939,1064,5,1848,273,0
1833.170554,-0.939338481,2017,0.92,1947,313.3,2.1,1939,1073,7,1846,273,1
1834.741732,-0.918693925,2018,0.85,1947,312.6,2.1,1939,1072,10,1845,271,2
1834.741732,-0.933145114,2019,0.98,1947,310.3,2.5,1938,1061,4,1845,271,2
1835.684439,-0.93520957,2020,1.02,1946,312.6,2.1,1938,1061,6,1844,273,2
1835.684439,-0.951725215,,,1945,311.4,0.4,1938,1086,2,1844,274,3
1835.998675,-0.968240861,,,1945,310.2,0.6,1937,1070,5,1843,272,1
1835.998675,-0.984756506,,,1944,311.8,2.5,1937,1062,5,1842,271,1
1836.312911,-1.001272151,,,1944,313.7,2.5,1937,1057,4,1835,271,2
1837.255618,-0.941402937,,,1944,312.4,2.1,1936,1057,10,1833,274,2
1836.941382,-0.959983038,,,1943,311.7,2.1,1935,1049,5,1826,271,0
1836.941382,-0.972369772,,,1943,312.2,3.2,1935,1050,8,1817,273,1
1837.988835,-0.892544153,,,1942,312.8,2.1,1935,1054,8,1814,274,1
1837.569854,-0.910436102,,,1942,312.1,2.1,1934,1045,4,,,
1837.569854,-0.926951748,,,1941,310.9,0.6,1934,1042,7,,,
1838.617306,-0.867770685,,,1941,311.9,2.1,1934,1035,5,,,
1839.455268,-0.869146989,,,1941,307.6,1.2,1932,1037,4,,,
1839.769504,-0.885662634,,,1940,309.7,0.6,1932,1034,4,,,
1839.769504,-0.90217828,,,1940,312.0,1.3,1931,1028,4,,,
1840.397975,-0.914565014,,,1939,311.0,0.6,1930,1024,10,,,
1840.08374,-0.931080659,,,1939,311.4,0.6,1930,1018,5,,,
1841.026447,-0.844373521,,,1939,306.7,0.8,1929,1027,3,,,
1840.712211,-0.860889167,,,1939,312.3,3.2,1929,1028,3,,,
1840.712211,-0.877404812,,,1939,308.4,1.2,1929,1008,5,,,
1840.712211,-0.893920457,,,1939,307.8,0.7,1927,1020,13,,,
1841.654918,-0.790697674,,,1938,308.5,0.6,1927,998,19,,,
1841.340682,-0.811342231,,,1938,310.7,2.1,1927,1004,14,,,
1841.340682,-0.827857876,,,1938,312.4,2.1,1927,992,19,,,
1842.28339,-0.749408561,,,1938,312.40,0.10,1926,1000,5,,,
1841.969154,-0.770053118,,,1937,306.9,1.2,1926,1003,5,,,
1843.016606,-0.695732714,,,1937,307.6,1.2,1924,1014,5,,,
1842.597625,-0.71224836,,,1936,309.5,3.2,1924,1003,3,,,
1842.597625,-0.728764005,,,1936,309.1,2.5,1924,1000,5,,,
1843.645078,-0.669582943,,,1936,307.1,1.2,1924,1000,5,,,
1844.797275,-0.654443601,,,1935,309.6,0.6,1924,993,7,,,
1844.48304,-0.670959247,,,1935,306.2,1.2,1924,981,8,,,
1845.530492,-0.637927956,,,1934,306.7,2.5,1921,962,4,,,
1846.054218,-0.609025577,,,1934,306.6,2.5,1920,973,7,,,
1846.68269,-0.58838102,,,1934,307.8,2.5,1920,969,16,,,
1847.311161,-0.575994286,,,1933,305.8,1.2,1919,968,12,,,
1847.939633,-0.594574387,,,1933,308.3,2.1,1919,965,18,,,
1848.568104,-0.584252109,,,1933,308.2,0.6,1919,971,25,,,
1848.88234,-0.600767754,,,1931,305.6,1.7,1919,963,18,,,
1849.825047,-0.538834085,,,1931,305.6,1.2,1917,941,5,,,
1849.825047,-0.553285274,,,1929,305.8,0.9,1916,938,7,,,
1849.510811,-0.571865375,,,1929,305.7,0.6,1914,932,5,,,
1849.510811,-0.58838102,,,1928,307.6,3.2,1912,927,14,,,
1850.558264,-0.505802794,,,1928,308.4,3.2,1912,928,19,,,
1850.453519,-0.524382895,,,1928,305.7,0.6,1912,927,5,,,
1851.396226,-0.522318439,,,1926,305.5,0.6,1910,947,7,,,
1851.396226,-0.538834085,,,1926,306.7,0.9,1908,897,12,,,
1851.710462,-0.559478641,,,1926,303.7,4.8,1908,904,8,,,
1852.338933,-0.584252109,,,1926,303.6,1.2,1907,895,5,,,
1852.967404,-0.60283221,,,1926,302.2,0.6,1907,898,8,,,
1853.595876,-0.58838102,,,1925,305.3,0.6,1905,896,7,,,
1854.329093,-0.570489071,,,1925,304.6,0.6,1903,879,13,,,
1855.586035,-0.563607553,,,1923,307.7,3.2,1903,878,5,,,
1855.167055,-0.575994286,,,1923,306.1,3.2,1902,878,6,,,
1856.423997,-0.580123198,,,1923,303.1,2.5,1901,880,4,,,
1856.738233,-0.594574387,,,1923,307.8,6.4,1900,880,7,,,
1857.366705,-0.6172834,,,1923,303.3,0.9,1900,872,5,,,
1857.052469,-0.625541222,,,1920,301.7,1.2,1898,857,13,,,
1857.995176,-0.637927956,,,1919,304.7,2.1,1898,875,13,,,
1857.68094,-0.65031469,,,1918,303.3,0.7,1898,864,13,,,
1858.623648,-0.625541222,,,1918,303.5,1.0,1898,856,13,,,
1859.566355,-0.629670133,,,1918,303.9,0.7,1895,869,10,,,
1859.566355,-0.646185779,,,1918,304.1,0.7,1895,866,10,,,
1859.88059,-0.660636968,,,1916,301.9,0.6,1894,867,10,,,
1860.613807,-0.677840765,,,1915,301.1,2.1,1894,862,5,,,
1860.194826,-0.691603803,,,1915,300.4,2.7,1891,856,4,,,
1861.137533,-0.652379146,,,1913,301.3,0.6,1890,855,7,,,
1861.766005,-0.6172834,,,1911,298.3,4.8,1890,855,7,,,
1861.451769,-0.637927956,,,1911,296.7,3.2,1889,843,8,,,
1862.394476,-0.575994286,,,1911,298.0,2.5,1888,842,8,,,
1862.080241,-0.596638843,,,1910,297.7,1.2,1888,844,8,,,
1863.022948,-0.55534973,,,1909,301.6,2.1,1888,845,7,,,
1863.756164,-0.537457781,,,1907,295.4,0.8,1887,853,13,,,
1864.908362,-0.518189528,,,1906,297.2,0.6,1885,856,7,,,
1864.594126,-0.534705173,,,1906,299.5,0.6,1885,848,7,,,
1866.165305,-0.495480516,,,1906,298.9,0.6,1884,838,8,,,
1865.851069,-0.509931706,,,1904,296.1,0.9,1881,835,4,,,
1866.793776,-0.476900415,,,1902,295.3,2.0,1878,832,8,,,
1867.422248,-0.452126947,,,1902,294.5,2.0,1877,811,12,,,
1868.050719,-0.431482391,,,1902,297.1,0.6,1875,833,7,,,
1868.364955,-0.443869125,,,1900,294.1,1.2,1874,828,7,,,
1869.307662,-0.402580012,,,1899,297.1,2.1,1871,828,4,,,
1868.993427,-0.423224568,,,1899,295.3,0.6,1871,821,5,,,
1870.564605,-0.394322189,,,1897,293.3,0.6,1870,820,10,,,
1870.250369,-0.402580012,,,1897,292.0,1.2,1869,813,7,,,
1870.878841,-0.414966746,,,1897,291.8,0.9,1868,827,13,,,
1871.193077,-0.429417935,,,1897,294.5,0.6,1868,823,7,,,
1871.821548,-0.447998036,,,1897,294.7,0.9,1868,806,11,,,
1872.45002,-0.456255859,,,1897,297.3,1.2,1865,808,4,,,
1873.078491,-0.437675758,,,1897,291.9,0.6,1864,815,7,,,
1873.706962,-0.423224568,,,1894,291.9,0.5,1864,802,11,,,
1874.64967,-0.431482391,,,1894,293.9,0.9,1863,799,5,,,
1874.963905,-0.44593358,,,1894,292.2,3.2,1862,790,11,,,
1875.592377,-0.458320314,,,1893,293.9,3.2,1860,788,7,,,
1876.325594,-0.43836391,,,1893,295.3,0.6,1860,797,7,,,
1877.477791,-0.427353479,,,1893,295.2,0.6,1858,792,6,,,
1877.163555,-0.435611302,,,1890,290.8,1.2,1856,777,8,,,
1878.106263,-0.452126947,,,1889,292.5,0.9,1856,785,5,,,
1879.04897,-0.464513681,,,1889,292.4,0.4,1855,797,7,,,
1879.04897,-0.481029326,,,1888,294.3,0.6,1853,778,7,,,
1879.363206,-0.501673883,,,1887,289.9,0.5,1852,794,8,,,
1879.991677,-0.526447351,,,1887,290.4,0.5,1852,785,7,,,
1881.24862,-0.526447351,,,1887,291.1,0.5,1852,778,6,,,
1880.934384,-0.534705173,,,1886,288.2,2.0,1851,777,11,,,
1882.191327,-0.530576262,,,1884,289.4,0.6,1849,779,7,,,
1882.505563,-0.551220819,,,1884,289.9,0.9,1848,773,5,,,
1882.819799,-0.571865375,,,1883,292.5,0.9,1847,781,13,,,
1883.134034,-0.58838102,,,1880,287.6,1.2,1846,775,4,,,
1883.762506,-0.604896666,,,1877,289.2,0.6,1846,780,4,,,
1883.762506,-0.619347855,,,1874,291.6,2.1,1845,783,4,,,
1885.019449,-0.600767754,,,1873,286.7,1.3,1845,783,4,,,
1885.962156,-0.604896666,,,1870,286.2,1.2,1844,773,11,,,
1886.276392,-0.625541222,,,1870,288.0,0.6,1844,769,8,,,
1887.533334,-0.511996161,,,1869,288.8,3.2,1843,770,8,,,
1887.533334,-0.637927956,,,1869,288.2,3.2,1842,776,5,,,
1887.219099,-0.65031469,,,1868,288.1,0.4,1841,768,4,,,
1888.790277,-0.518189528,,,1867,284.8,1.3,1841,770,4,,,
1888.476042,-0.637927956,,,1867,285.5,2.7,1840,771,12,,,
1889.418749,-0.611090033,,,1864,286.5,1.2,1840,760,10,,,
1889.104513,-0.625541222,,,1863,285.5,0.9,1839,760,6,,,
1890.04722,-0.497544972,,,1863,283.0,0.7,1838,775,7,,,
1890.04722,-0.592509932,,,1862,287.2,0.6,1834,777,7,,,
1890.989927,-0.489287149,,,1859,284.9,0.5,1833,764,5,,,
1890.989927,-0.571865375,,,1859,286.8,0.4,1828,764,5,,,
1891.932635,-0.474835959,,,1857,283.0,1.2,1827,764,7,,,
1891.932635,-0.545027452,,,1855,283.3,0.5,1826,761,10,,,
1891.618399,-0.559478641,,,1855,285.6,0.6,1822,755,12,,,
1892.561106,-0.528511806,,,1854,288.1,2.1,1820,756,8,,,
1893.189578,-0.46038477,,,1852,284.0,0.5,1815,746,7,,,
1893.189578,-0.511996161,,,1851,285.5,0.9,1815,737,8,,,
1894.551266,-0.454879555,,,1851,288.9,0.4,1811,746,11,,,
1894.551266,-0.514060617,,,1851,283.9,1.2,1800,736,8,,,
1894.132285,-0.526447351,,,1848,283.6,0.5,1800,739,7,,,
1895.703463,-0.435611302,,,1847,286.8,0.6,,,,,,
1895.389228,-0.443869125,,,1846,282.9,2.0,,,,,,
1895.703463,-0.472771504,,,1846,284.5,2.0,,,,,,
1895.389228,-0.489287149,,,1845,283.0,1.2,,,,,,
1895.389228,-0.501673883,,,1845,283.4,1.2,,,,,,
1896.331935,-0.379870999,,,1844,282.0,1.2,,,,,,
1896.017699,-0.3984511,,,1844,280.8,1.2,,,,,,
1896.331935,-0.419095657,,,1843,282.7,0.5,,,,,,
1896.017699,-0.456255859,,,1842,282.8,0.5,,,,,,
1896.646171,-0.36541981,,,1841,283.6,0.6,,,,,,
1896.646171,-0.435611302,,,1838,282.6,0.5,,,,,,
1897.588878,-0.344775253,,,1837,284.3,0.9,,,,,,
1897.588878,-0.410837834,,,1833,284.0,0.9,,,,,,
1898.217349,-0.324130697,,,1833,285.1,0.9,,,,,,
1898.217349,-0.390193278,,,1827,285.9,0.6,,,,,,
1898.845821,-0.404644467,,,1826,281.8,0.5,,,,,,
1899.474292,-0.332388519,,,1825,281.5,0.9,,,,,,
1899.474292,-0.417031201,,,1817,280.9,0.5,,,,,,
1900.731235,-0.328259608,,,1814,284.6,0.9,,,,,,
1900.83598,-0.413590442,,,1810,281.1,0.5,,,,,,
1901.988178,-0.322066241,,,,,,,,,,,
1901.988178,-0.410837834,,,,,,,,,,,
1902.616649,-0.340646342,,,,,,,,,,,
1902.616649,-0.435611302,,,,,,,,,,,
1903.559357,-0.353033076,,,,,,,,,,,
1903.873592,-0.452126947,,,,,,,,,,,
1904.502064,-0.373677632,,,,,,,,,,,
1904.502064,-0.470707048,,,,,,,,,,,
1905.444771,-0.381935455,,,,,,,,,,,
1905.444771,-0.481029326,,,,,,,,,,,
1905.759007,-0.495480516,,,,,,,,,,,
1906.073242,-0.406708923,,,,,,,,,,,
1906.073242,-0.514060617,,,,,,,,,,,
1906.073242,-0.530576262,,,,,,,,,,,
1906.701714,-0.431482391,,,,,,,,,,,
1907.01595,-0.551220819,,,,,,,,,,,
1907.644421,-0.447998036,,,,,,,,,,,
1908.377638,-0.562231249,,,,,,,,,,,
1908.901364,-0.538834085,,,,,,,,,,,
1909.529835,-0.501673883,,,,,,,,,,,
1909.2156,-0.522318439,,,,,,,,,,,
1909.2156,-0.551220819,,,,,,,,,,,
1910.158307,-0.478964871,,,,,,,,,,,
1910.891524,-0.463137377,,,,,,,,,,,
1912.043721,-0.472771504,,,,,,,,,,,
1912.672193,-0.377806544,,,,,,,,,,,
1913.300664,-0.481029326,,,,,,,,,,,
1913.6149,-0.377806544,,,,,,,,,,,
1914.557607,-0.46038477,,,,,,,,,,,
1914.243371,-0.476900415,,,,,,,,,,,
1915.81455,-0.44593358,,,,,,,,,,,
1916.443021,-0.41290229,,,,,,,,,,,
1916.128786,-0.431482391,,,,,,,,,,,
1916.757257,-0.344775253,,,,,,,,,,,
1917.699964,-0.386064366,,,,,,,,,,,
1917.385729,-0.406708923,,,,,,,,,,,
1918.328436,-0.315872874,,,,,,,,,,,
1918.956907,-0.377806544,,,,,,,,,,,
1920.21385,-0.390193278,,,,,,,,,,,
1920.528086,-0.402580012,,,,,,,,,,,
1921.156557,-0.311743963,,,,,,,,,,,
1921.156557,-0.373677632,,,,,,,,,,,
1921.156557,-0.390193278,,,,,,,,,,,
1922.099265,-0.338581886,,,,,,,,,,,
1921.785029,-0.357161987,,,,,,,,,,,
1922.727736,-0.307615052,,,,,,,,,,,
1922.4135,-0.324130697,,,,,,,,,,,
1923.356207,-0.272519305,,,,,,,,,,,
1923.041972,-0.291099406,,,,,,,,,,,
1923.984679,-0.258068116,,,,,,,,,,,
1924.61315,-0.225036825,,,,,,,,,,,
1925.241622,-0.262197027,,,,,,,,,,,
1925.555858,-0.216779003,,,,,,,,,,,
1925.870093,-0.245681382,,,,,,,,,,,
1926.498565,-0.202327813,,,,,,,,,,,
1927.127036,-0.179618801,,,,,,,,,,,
1927.127036,-0.214714547,,,,,,,,,,,
1926.8128,-0.233294648,,,,,,,,,,,
1927.755508,-0.198198902,,,,,,,,,,,
1928.383979,-0.173425434,,,,,,,,,,,
1929.012451,-0.196134446,,,,,,,,,,,
1929.326686,-0.171360978,,,,,,,,,,,
1930.269393,-0.156909789,,,,,,,,,,,
1930.269393,-0.183747712,,,,,,,,,,,
1930.269393,-0.196134446,,,,,,,,,,,
1931.526336,-0.204392269,,,,,,,,,,,
1931.212101,-0.216779003,,,,,,,,,,,
1932.783279,-0.198198902,,,,,,,,,,,
1933.411751,-0.167232067,,,,,,,,,,,
1933.411751,-0.181683257,,,,,,,,,,,
1934.144967,-0.134200777,,,,,,,,,,,
1934.040222,-0.152780878,,,,,,,,,,,
1934.668694,-0.109427309,,,,,,,,,,,
1934.982929,-0.092911664,,,,,,,,,,,
1934.982929,-0.125942954,,,,,,,,,,,
1934.982929,-0.138329688,,,,,,,,,,,
1935.925637,-0.076396018,,,,,,,,,,,
1935.925637,-0.105298398,,,,,,,,,,,
1937.182579,-0.072267107,,,,,,,,,,,
1937.182579,-0.105298398,,,,,,,,,,,
1936.868344,-0.11355622,,,,,,,,,,,
1938.439522,-0.088782752,,,,,,,,,,,
1938.125287,-0.105298398,,,,,,,,,,,
1939.172739,-0.050246247,,,,,,,,,,,
1938.753758,-0.068138196,,,,,,,,,,,
1940.010701,-0.006204526,,,,,,,,,,,
1940.429682,-0.050246247,,,,,,,,,,,
1941.267644,0.010311119,,,,,,,,,,,
1941.58188,-0.028913538,,,,,,,,,,,
1941.267644,-0.039235817,,,,,,,,,,,
1942.838823,0.002053296,,,,,,,,,,,
1942.838823,-0.026849083,,,,,,,,,,,
1944.095765,-0.039235817,,,,,,,,,,,
1945.038473,-0.051622551,,,,,,,,,,,
1945.352708,-0.072267107,,,,,,,,,,,
1945.038473,-0.08052493,,,,,,,,,,,
1945.98118,-0.097040575,,,,,,,,,,,
1945.98118,-0.11355622,,,,,,,,,,,
1947.238123,-0.109427309,,,,,,,,,,,
1947.238123,-0.121814043,,,,,,,,,,,
1948.495066,-0.109427309,,,,,,,,,,,
1948.495066,-0.123878498,,,,,,,,,,,
1949.123537,-0.136265232,,,,,,,,,,,
1949.856754,-0.149340118,,,,,,,,,,,
1951.008951,-0.146587511,,,,,,,,,,,
1951.008951,-0.163103156,,,,,,,,,,,
1951.637423,-0.183747712,,,,,,,,,,,
1952.265894,-0.196134446,,,,,,,,,,,
1952.265894,-0.212650092,,,,,,,,,,,
1953.522837,-0.183747712,,,,,,,,,,,
1953.522837,-0.204392269,,,,,,,,,,,
1954.884525,-0.17548989,,,,,,,,,,,
1954.465544,-0.192005535,,,,,,,,,,,
1956.141468,-0.134200777,,,,,,,,,,,
1955.722487,-0.150716422,,,,,,,,,,,
1955.722487,-0.167232067,,,,,,,,,,,
1957.293666,-0.125942954,,,,,,,,,,,
1957.293666,-0.138329688,,,,,,,,,,,
1958.655354,-0.12456665,,,,,,,,,,,
1958.236373,-0.138329688,,,,,,,,,,,
1959.493316,-0.109427309,,,,,,,,,,,
1959.807552,-0.125942954,,,,,,,,,,,
1959.807552,-0.140394144,,,,,,,,,,,
1961.16924,-0.125942954,,,,,,,,,,,
1960.750259,-0.142458599,,,,,,,,,,,
1960.750259,-0.154845333,,,,,,,,,,,
1961.692966,-0.105298398,,,,,,,,,,,
1962.321438,-0.084653841,,,,,,,,,,,
1962.949909,-0.11355622,,,,,,,,,,,
1964.206852,-0.130071865,,,,,,,,,,,
1963.892616,-0.138329688,,,,,,,,,,,
1964.521088,-0.150716422,,,,,,,,,,,
1965.463795,-0.125942954,,,,,,,,,,,
1965.149559,-0.138329688,,,,,,,,,,,
1966.720738,-0.138329688,,,,,,,,,,,
1966.406502,-0.146587511,,,,,,,,,,,
1967.349209,-0.158974245,,,,,,,,,,,
1968.606152,-0.146587511,,,,,,,,,,,
1968.291916,-0.158974245,,,,,,,,,,,
1969.863095,-0.138329688,,,,,,,,,,,
1969.548859,-0.163103156,,,,,,,,,,,
1970.491567,-0.117685131,,,,,,,,,,,
1971.74851,-0.130071865,,,,,,,,,,,
1971.74851,-0.142458599,,,,,,,,,,,
1972.062745,-0.163103156,,,,,,,,,,,
1973.005452,-0.121814043,,,,,,,,,,,
1973.005452,-0.146587511,,,,,,,,,,,
1974.262395,-0.099105031,,,,,,,,,,,
1973.94816,-0.11355622,,,,,,,,,,,
1975.519338,-0.082589385,,,,,,,,,,,
1975.205103,-0.11355622,,,,,,,,,,,
1976.14781,-0.047493639,,,,,,,,,,,
1975.833574,-0.068138196,,,,,,,,,,,
1976.462045,-0.026849083,,,,,,,,,,,
1977.404753,-0.006204526,,,,,,,,,,,
1978.033224,-0.01859126,,,,,,,,,,,
1978.661696,0.006182208,,,,,,,,,,,
1979.290167,0.026826764,,,,,,,,,,,
1980.651855,0.032331979,,,,,,,,,,,
1980.232874,0.018568942,,,,,,,,,,,
1981.280327,0.057105447,,,,,,,,,,,
1981.804053,0.084631523,,,,,,,,,,,
1982.74676,0.097018256,,,,,,,,,,,
1983.689467,0.142436281,,,,,,,,,,,
1983.375231,0.121791724,,,,,,,,,,,
1983.375231,0.10940499,,,,,,,,,,,
1984.317939,0.167209749,,,,,,,,,,,
1985.679627,0.189230609,,,,,,,,,,,
1985.260646,0.175467571,,,,,,,,,,,
1986.517589,0.196112128,,,,,,,,,,,
1987.460296,0.220885596,,,,,,,,,,,
1987.14606,0.208498862,,,,,,,,,,,
1988.717239,0.216756684,,,,,,,,,,,
1988.403003,0.208498862,,,,,,,,,,,
1989.34571,0.200241039,,,,,,,,,,,
1989.974182,0.241530152,,,,,,,,,,,
1989.659946,0.220885596,,,,,,,,,,,
1990.602653,0.282819265,,,,,,,,,,,
1990.288417,0.262174709,,,,,,,,,,,
1991.231125,0.317915011,,,,,,,,,,,
1991.859596,0.307592733,,,,,,,,,,,
1991.54536,0.286948177,,,,,,,,,,,
1992.488068,0.334430657,,,,,,,,,,,
1992.802303,0.319979467,,,,,,,,,,,
1993.74501,0.357139669,,,,,,,,,,,
1993.430775,0.340624024,,,,,,,,,,,
1994.059246,0.406686604,,,,,,,,,,,
1994.373482,0.381913137,,,,,,,,,,,
1994.687718,0.427331161,,,,,,,,,,,
1995.630425,0.441782351,,,,,,,,,,,
1995.630425,0.394299871,,,,,,,,,,,
1996.887368,0.450040173,,,,,,,,,,,
1996.887368,0.414944427,,,,,,,,,,,
1996.573132,0.398428782,,,,,,,,,,,
1997.515839,0.491329286,,,,,,,,,,,
1997.620584,0.469996578,,,,,,,,,,,
1997.201603,0.435588984,,,,,,,,,,,
1998.249056,0.526425032,,,,,,,,,,,
1998.772782,0.5511985,,,,,,,,,,,
1998.458546,0.501651565,,,,,,,,,,,
1999.087018,0.600745436,,,,,,,,,,,
1999.401254,0.567714145,,,,,,,,,,,
1999.087018,0.538811766,,,,,,,,,,,
2000.029725,0.621389992,,,,,,,,,,,
2000.658196,0.586294246,,,,,,,,,,,
2000.343961,0.571843057,,,,,,,,,,,
2001.286668,0.654421283,,,,,,,,,,,
2001.286668,0.619325537,,,,,,,,,,,
2000.972432,0.600745436,,,,,,,,,,,
2001.600904,0.633776726,,,,,,,,,,,
2002.229375,0.724612775,,,,,,,,,,,
2002.648356,0.684699966,,,,,,,,,,,
2002.229375,0.666808017,,,,,,,,,,,
2002.229375,0.654421283,,,,,,,,,,,
2003.172082,0.739063965,,,,,,,,,,,
2003.800554,0.683323662,,,,,,,,,,,
2004.114789,0.736999509,,,,,,,,,,,
2004.743261,0.753515154,,,,,,,,,,,
2005.057497,0.701903763,,,,,,,,,,,
2005.371732,0.770030799,,,,,,,,,,,
2005.685968,0.736999509,,,,,,,,,,,
2005.371732,0.716354952,,,,,,,,,,,
2006.31444,0.7886109,,,,,,,,,,,
2006.628675,0.749386243,,,,,,,,,,,
2007.257147,0.778288622,,,,,,,,,,,
